DateTime,UTC Offset,NFN1_AT,NFN1_RH,NFN3_AT,NFN3_ST,NFN4_AT,NFN4_ST,NFN5_AT,NFN5_RH,NFN6_AT,NFN6_ST,NFN7_AT,NFN7_ST,NFN7_RH,date
12/4/2015,-8.0,,,1.875,,0.5,1.75,,,-2.25,0.5,-3.0460000000000003,0.5,106.050625,2015-12-04
12/5/2015,-8.0,,,2.3125,,0.9375,1.0,,,-2.0,0.5,-2.79475,0.5,106.27475,2015-12-05
12/6/2015,-8.0,,,3.5,,2.0,0.9375,,,-1.125,0.5,-1.914125,0.5,106.9425,2015-12-06
12/7/2015,-8.0,,,4.0,,2.8125,1.1875,,,-0.125,0.5,-0.8455,0.5,107.994375,2015-12-07
12/8/2015,-8.0,,,5.0,,3.625,1.5,,,1.0625,0.5,0.03425,0.5,107.7905,2015-12-08
12/9/2015,-8.0,,,2.6875,,1.0,1.4375,,,-1.5625,0.5,-2.732125,0.5,107.273375,2015-12-09
12/10/2015,-8.0,,,1.8125,,0.5625,1.5,,,-2.4375,0.5,-3.423875,0.5,106.3305,2015-12-10
12/11/2015,-8.0,,,1.1875,,-0.3125,1.5625,,,-2.9375,0.5,-4.178625,0.5,106.162625,2015-12-11
12/12/2015,-8.0,,,0.625,,-0.25,2.0,,,-3.125,0.5,-4.178625,0.5,106.161875,2015-12-12
12/13/2015,-8.0,,,0.375,,-0.375,2.0,,,-3.5,0.5,-4.493125,0.5,105.99425,2015-12-13
12/14/2015,-8.0,,,-0.125,,-1.6875,2.0,,,-4.75,0.5,-6.066,0.5,105.036,2015-12-14
12/15/2015,-8.0,,,-0.625,,-2.4375,2.0,,,-5.6875,0.5,-6.19225,0.5,105.318875,2015-12-15
12/16/2015,-8.0,,,-2.625,,-4.5625,2.0,,,-7.25,0.5,-8.647375,0.5,104.300125,2015-12-16
12/17/2015,-8.0,,,-0.5625,,-1.3125,2.0,,,-4.375,0.5,-4.99675,0.5,105.429625,2015-12-17
12/18/2015,-8.0,,,0.4375,,-0.25,0.875,,,-3.375,0.5,-4.367375,0.5,106.04700000000001,2015-12-18
12/19/2015,-8.0,,,-0.375,,-1.75,1.5,,,-4.6875,0.5,-5.8145,0.5,105.544375,2015-12-19
12/20/2015,-8.0,,,0.0,,-1.0625,2.0,,,-4.3125,0.5,-5.562625,0.5,105.432125,2015-12-20
12/21/2015,-8.0,,,-0.1875,,-1.8125,2.0,,,-5.0625,0.5,-6.317875,0.5,105.26299999999999,2015-12-21
12/22/2015,-8.0,,,-0.9375,,-2.6875,2.0,,,-5.875,0.5,-7.262125,0.5,104.75399999999999,2015-12-22
12/23/2015,-8.0,,,-0.8125,,-2.5625,2.0,,,-6.0,0.5,-7.01025,0.5,105.03725,2015-12-23
12/24/2015,-8.0,,,-0.8125,,-2.5,2.0,,,-5.875,0.5,-7.07325,0.5,104.81075,2015-12-24
12/25/2015,-8.0,,,-2.125,,-4.1875,2.0,,,-6.625,0.5,-9.21425,0.5,104.186,2015-12-25
12/26/2015,-8.0,,,-2.8125,,-4.625,2.0,,,-7.8125,0.5,-9.088125,0.5,103.957875,2015-12-26
12/27/2015,-8.0,,,-0.5,,-1.6875,2.0,,,-5.125,0.5,-5.814625,0.5,105.37575,2015-12-27
12/28/2015,-8.0,,,-1.0,,-2.5625,2.0,,,-4.5625,0.5,-6.569875,0.5,105.20625,2015-12-28
12/29/2015,-8.0,,,-3.75,,-5.4375,2.0,,,-6.75,0.5,-9.340125,0.5,104.4135,2015-12-29
12/30/2015,-8.0,,,-6.375,,-7.5,2.0,,,-8.5,0.5,-9.025375,0.5,103.214375,2015-12-30
12/31/2015,-8.0,,,-4.125,,-4.3125,2.0,,,-5.25,0.5,-4.115875,0.5,102.8675,2015-12-31
1/1/2016,-8.0,,,-1.6875,,-1.625,2.0,,,-2.6875,0.5,-0.531625,0.5,94.465,2016-01-01
1/2/2016,-8.0,,,-2.0,,-2.0625,2.0,,,-2.1875,0.5,-1.851875,0.5,63.083125,2016-01-02
1/3/2016,-8.0,,,-2.5,,-3.0,2.0,,,-5.5,0.5,-6.50675,0.5,91.363625,2016-01-03
1/4/2016,-8.0,,,-1.4375,,-1.5625,2.0,,,-3.875,0.5,-4.178625,0.5,104.411125,2016-01-04
1/5/2016,-8.0,,,0.875,,1.1875,1.0,,,-1.1875,0.5,-2.10275,0.5,105.994,2016-01-05
1/6/2016,-8.0,,,1.1875,,1.5625,1.0625,,,-0.1875,0.5,-1.59975,0.5,105.01299999999999,2016-01-06
1/7/2016,-8.0,,,1.125,,1.1875,1.5,,,-1.0,0.5,-2.35425,0.5,101.98200000000001,2016-01-07
1/8/2016,-8.0,,,0.8125,,0.875,1.75,,,-1.9375,0.5,-3.235125,0.5,97.030875,2016-01-08
1/9/2016,-8.0,,,-0.4375,,-0.125,2.0,,,-2.1875,0.5,-3.298,0.5,94.74025,2016-01-09
1/10/2016,-8.0,,,-0.5,,0.125,2.0,,,-2.625,0.5,-3.10925,0.5,91.6595,2016-01-10
1/11/2016,-8.0,,,1.125,,2.0625,1.4375,,,-2.4375,0.5,-2.480125,0.5,91.62025,2016-01-11
1/12/2016,-8.0,,,2.375,,2.0,0.5,,,-0.6875,0.5,-1.536875,0.5,106.887,2016-01-12
1/13/2016,-8.0,,,1.875,,0.875,0.5,,,-1.5625,0.5,-3.046375,0.5,106.271875,2016-01-13
1/14/2016,-8.0,,,-0.0625,,-1.375,1.125,,,-3.3125,0.5,-5.059375,0.5,105.03725,2016-01-14
1/15/2016,-8.0,,,-0.4375,,-0.8125,1.5,,,-3.875,0.5,-4.61925,0.5,104.861875,2016-01-15
1/16/2016,-8.0,,,2.375,,1.625,0.75,,,-1.1875,0.5,-1.914125,0.5,106.665875,2016-01-16
1/17/2016,-8.0,,,1.75,,0.875,0.5,,,-1.5625,0.5,-2.66875,0.5,106.330625,2016-01-17
1/18/2016,-8.0,,,1.8125,,0.6875,0.5,,,-1.9375,0.5,-3.046125,0.5,106.161875,2016-01-18
1/19/2016,-8.0,,,1.1875,,0.375,0.875,,,-2.6875,0.5,-3.7385,0.5,105.8255,2016-01-19
1/20/2016,-8.0,,,1.125,,0.125,1.4375,,,-2.75,0.5,-3.801125,0.5,105.82475,2016-01-20
1/21/2016,-8.0,,,4.0,,3.9375,1.375,,,0.5,0.3125,0.28575,0.5,109.51175,2016-01-21
1/22/2016,-8.0,,,2.875,,2.0,1.0,,,-0.0625,0.0,-0.97125,0.5,109.87375,2016-01-22
1/23/2016,-8.0,,,1.5625,,0.4375,1.1875,,,-2.0625,0.0,-3.109,0.5,106.610625,2016-01-23
1/24/2016,-8.0,,,0.9375,,-0.8125,1.5,,,-3.8125,0.0,-5.059125,0.5,105.938375,2016-01-24
1/25/2016,-8.0,,,0.375,,-0.5625,1.5,,,-2.5625,0.0,-3.612375,0.5,106.497625,2016-01-25
1/26/2016,-8.0,,,4.0,,4.4375,0.875,,,2.0625,0.0,1.1655,0.5,113.44275,2016-01-26
1/27/2016,-8.0,,,6.0625,,5.875,0.9375,,,3.4375,0.0,2.54775,0.5,117.772625,2016-01-27
1/28/2016,-8.0,,,4.1875,,2.875,1.75,,,0.1875,0.0,-1.223625,0.5,111.999125,2016-01-28
1/29/2016,-8.0,,,0.625,,-0.75,1.1875,,,-3.9375,0.0,-5.059375,0.5,106.330875,2016-01-29
1/30/2016,-8.0,,,-0.1875,,-1.75,1.5,,,-5.375,0.0,-6.56975,0.5,105.71375,2016-01-30
1/31/2016,-8.0,,,-0.125,,-1.5,1.5,,,-5.1875,0.0,-6.50675,0.5,105.7125,2016-01-31
2/1/2016,-8.0,,,-0.4375,,-2.1875,1.5,,,-5.4375,0.0,-6.947375,0.5,105.713375,2016-02-01
2/2/2016,-8.0,,,-1.3125,,-3.0625,1.5,,,-6.25,0.0,-7.451125,0.5,105.31975,2016-02-02
2/3/2016,-8.0,,,0.0,,-0.5,1.5,,,-3.75,0.0,-4.74475,0.5,106.329625,2016-02-03
2/4/2016,-8.0,,,0.75,,0.1875,1.5,,,-2.875,0.0,-3.6125,0.5,106.553375,2016-02-04
2/5/2016,-8.0,,,2.125,,1.875,1.25,,,-1.375,0.0,-2.354375,0.5,107.44475,2016-02-05
2/6/2016,-8.0,,,0.375,,-0.625,0.5,,,-3.9375,0.0,-5.12225,0.5,106.0505,2016-02-06
2/7/2016,-8.0,,,1.0,,0.75,0.9375,,,-0.8125,0.0,-0.973375,0.5,100.01375,2016-02-07
2/8/2016,-8.0,,,4.6875,,8.625,0.5,,,10.375,0.0,8.95,0.5,64.184375,2016-02-08
2/9/2016,-8.0,,,7.125,,12.375,0.5,,,11.75,0.0,10.83125,0.5,30.093000000000004,2016-02-09
2/10/2016,-8.0,,,6.0625,,6.25,0.5,,,3.5625,0.0,2.609875,0.5,87.425625,2016-02-10
2/11/2016,-8.0,,,4.4375,,4.3125,0.5,,,2.5,0.0,1.91925,0.5,84.434,2016-02-11
2/12/2016,-8.0,,,4.5625,,3.6875,0.5625,,,1.1875,0.0,0.34825,0.5,110.32075,2016-02-12
2/13/2016,-8.0,,,1.0625,,0.4375,0.875,,,-2.6875,0.0,-3.801125,0.5,106.386375,2016-02-13
2/14/2016,-8.0,,,2.75,,1.625,0.8125,,,-0.3125,0.0,-0.908375,0.5,108.8025,2016-02-14
2/15/2016,-8.0,,,2.6875,,1.375,0.625,,,-0.5625,0.0,-1.2225,0.5,107.555625,2016-02-15
2/16/2016,-8.0,,,2.8125,,1.4375,0.5625,,,-0.6875,0.0,-1.7255,0.5,107.27825,2016-02-16
2/17/2016,-8.0,,,4.5625,,4.125,0.5,,,1.1875,0.0,0.03425,0.5,109.626125,2016-02-17
2/18/2016,-8.0,,,2.9375,,0.8125,0.5,,,-2.0625,0.0,-3.298125,0.5,107.11175,2016-02-18
2/19/2016,-8.0,,,1.8125,,0.3125,0.625,,,-2.5625,0.0,-3.6755,0.5,106.66575,2016-02-19
2/20/2016,-8.0,,,0.25,,-0.6875,0.6875,,,-4.1875,0.0,-5.562625,0.5,106.330875,2016-02-20
2/21/2016,-8.0,,,0.0,,-0.8125,1.0,,,-4.25,0.0,-5.185125,0.5,105.994375,2016-02-21
2/22/2016,-8.0,,,0.375,,-0.375,1.0,,,-2.875,0.0,-4.87075,0.5,106.330875,2016-02-22
2/23/2016,-8.0,,,0.1875,,-0.125,1.0,,,-2.625,0.0,-4.115625,0.5,98.532375,2016-02-23
2/24/2016,-8.0,,,2.625,,3.625,1.0,,,1.75,0.0,0.09725,0.5,73.88275,2016-02-24
2/25/2016,-8.0,,,4.5,,6.25,0.75,,,4.8125,0.0,2.610375,0.5,86.1465,2016-02-25
2/26/2016,-8.0,,,5.9375,,6.5625,0.5,,,3.75,0.0,2.9245,0.5,82.549375,2016-02-26
2/27/2016,-8.0,,,4.5,,3.25,0.5,,,0.25,0.0,-0.782625,0.5,106.555,2016-02-27
2/28/2016,-8.0,,,2.5,,1.0,0.5,,,-2.0,0.0,-3.1719999999999997,0.5,106.385625,2016-02-28
2/29/2016,-8.0,,,0.875,,-0.25,0.5625,,,-3.0625,0.0,-4.681875,0.5,105.712375,2016-02-29
3/1/2016,-8.0,,,2.1875,,0.875,0.6875,,,-1.9375,0.0,-2.857625,0.5,106.496125,2016-03-01
3/2/2016,-8.0,,,2.9375,,1.5,0.5,,,-1.25,0.0,-2.354375,0.5,106.72225,2016-03-02
3/3/2016,-8.0,,,3.375,,1.8125,0.5,,,-0.4375,0.0,-1.474125,0.5,106.999875,2016-03-03
3/4/2016,-8.0,,,3.75,,3.4375,0.5,,,-0.75,0.0,-1.59975,0.5,107.056125,2016-03-04
3/5/2016,-8.0,,,4.4375,,4.0,0.5,,,1.0,0.0,-0.656875,0.5,107.72200000000001,2016-03-05
3/6/2016,-8.0,,,3.1875,,1.1875,0.5,,,-1.5625,0.0,-2.669125,0.5,106.9975,2016-03-06
3/7/2016,-8.0,,,1.5,,0.0,0.875,,,-3.0625,0.0,-4.178625,0.5,106.1065,2016-03-07
3/8/2016,-8.0,,,1.375,,-0.375,1.0,,,-3.875,0.0,-5.185125,0.5,105.657125,2016-03-08
3/9/2016,-8.0,,,2.125,,0.625,0.9375,,,-2.25,0.0,-3.486625,0.5,106.162125,2016-03-09
3/10/2016,-8.0,,,2.8125,,1.0625,0.5,,,-1.6875,0.0,-2.668875,0.5,106.88875,2016-03-10
3/11/2016,-8.0,,,2.625,,1.75,0.8125,,,-1.875,0.0,-3.172375,0.5,106.88775,2016-03-11
3/12/2016,-8.0,,,2.25,,0.4375,0.5625,,,-2.5625,0.0,-3.6125,0.5,106.720875,2016-03-12
3/13/2016,-8.0,,,0.642857143,,-0.428571429,1.0,,,-3.857142857,0.0,-5.140428571,0.5,106.02657140000001,2016-03-13
3/14/2016,-8.0,,,0.25,,-0.625,1.0,,,-4.1875,0.0,-5.311,0.5,105.882125,2016-03-14
3/15/2016,-8.0,,,0.3125,,-0.4375,1.0,,,-4.0625,0.0,-5.18525,0.5,105.825125,2016-03-15
3/16/2016,-8.0,,,0.5625,,-0.4375,1.0,,,-3.375,0.0,-5.24825,0.5,105.938375,2016-03-16
3/17/2016,-8.0,,,-0.375,,-1.625,1.0,,,-5.375,0.0,-6.506875,0.5,104.86725,2016-03-17
3/18/2016,-8.0,,,1.1875,,0.9375,1.0,,,-3.9375,0.0,-4.745,0.5,102.5225,2016-03-18
3/19/2016,-8.0,,,4.125,,5.5625,0.9375,,,0.625,0.0,-1.16025,0.5,100.936625,2016-03-19
3/20/2016,-8.0,,,5.625,,5.875,0.5,,,3.125,0.0,1.165375,0.5,102.55275,2016-03-20
3/21/2016,-8.0,,,4.375,,2.8125,0.5,,,-0.1875,0.0,-1.34825,0.5,107.772,2016-03-21
3/22/2016,-8.0,,,3.5,,1.8125,0.5,,,-0.6875,0.0,-2.165625,0.5,107.33225,2016-03-22
3/23/2016,-8.0,,,3.125,,1.125,0.5,,,-1.8125,0.0,-2.7315,0.5,107.05625,2016-03-23
3/24/2016,-8.0,,,1.0625,,0.0625,0.5,,,-2.875,0.0,-4.1785,0.5,106.499,2016-03-24
3/25/2016,-8.0,,,1.3125,,0.4375,0.875,,,-1.9375,0.0,-3.486625,0.5,106.44200000000001,2016-03-25
3/26/2016,-8.0,,,2.75,,2.3125,0.9375,,,-1.5,0.0,-3.10925,0.5,106.498625,2016-03-26
3/27/2016,-8.0,,,2.1875,,0.8125,0.5,,,-2.0625,0.0,-3.48675,0.5,106.553,2016-03-27
3/28/2016,-8.0,,,2.25,,1.125,0.5625,,,-2.3125,0.0,-3.1095,0.5,105.881875,2016-03-28
3/29/2016,-8.0,,,4.0625,,4.125,0.5625,,,0.8125,0.0,-0.594875,0.5,92.83475,2016-03-29
3/30/2016,-8.0,,,8.0625,,9.5,0.5,,,8.5625,0.0,4.808125,0.5,78.57,2016-03-30
3/31/2016,-8.0,,,8.5625,,10.3125,0.5,,,10.0,0.0,7.883375,0.5,65.804875,2016-03-31
4/1/2016,-8.0,,,8.875,,9.75,0.5,,,9.125,0.0,7.38175,0.5,81.059375,2016-04-01
4/2/2016,-8.0,,,8.0,,7.875,0.5,,,5.5,0.0,3.3015,0.5,99.47475,2016-04-02
4/3/2016,-8.0,,,8.4375,,8.1875,0.5,,,5.9375,0.0,4.80825,0.5,78.0855,2016-04-03
4/4/2016,-8.0,,,4.75,,3.0,0.5,,,-0.125,0.0,-1.788875,0.5,104.629125,2016-04-04
4/5/2016,-8.0,,,3.1875,,1.3125,0.9375,,,-1.375,0.0,-2.920625,0.5,105.88175,2016-04-05
4/6/2016,-8.0,,,6.375,,5.4375,0.5,,,2.0,0.0,0.9765,0.5,101.004375,2016-04-06
4/7/2016,-8.0,,,10.6875,,14.0625,0.5625,,,13.6875,0.0,11.896875,0.5,31.513,2016-04-07
4/8/2016,-8.0,,,12.375,,14.3125,1.375,,,13.375,0.0,11.96,0.5,40.55775,2016-04-08
4/9/2016,-8.0,,,9.25,,9.25,3.25,,,7.8125,0.0,6.126625,0.5,69.361625,2016-04-09
4/10/2016,-8.0,,,8.0,,7.375,3.9375,,,5.0625,0.0,4.055,0.5,88.8185,2016-04-10
4/11/2016,-8.0,,,7.1875,,5.25,3.875,,,0.8125,0.0,-0.34275,0.5,107.052125,2016-04-11
4/12/2016,-8.0,,,5.1875,,3.0,3.4375,,,-0.625,0.0,-1.914125,0.5,106.666125,2016-04-12
4/13/2016,-8.0,,,3.6875,,2.0,2.4375,,,-1.6875,0.0,-2.983375,0.5,106.106125,2016-04-13
4/14/2016,-8.0,,,3.6875,,2.25,2.5,,,-1.0625,0.0,-2.10275,0.5,106.27425,2016-04-14
4/15/2016,-8.0,,,5.0625,,3.375,2.875,,,-0.125,0.0,-1.2855,0.5,106.945,2016-04-15
4/16/2016,-8.0,,,6.1875,,5.5625,3.1875,,,1.5,0.0,-0.028999999999999998,0.5,96.06925,2016-04-16
4/17/2016,-8.0,,,10.875,,12.375,4.6875,,,10.375,0.0,8.761375,0.5,59.595375,2016-04-17
4/18/2016,-8.0,,,13.875,,17.1875,6.5,,,15.0625,0.0,13.52725,0.5,32.45175,2016-04-18
4/19/2016,-8.0,,,14.5,,16.75,7.25,,,15.625,0.0,14.279000000000002,0.5,39.280875,2016-04-19
4/20/2016,-8.0,,,14.9375,,17.5,7.9375,,,17.25,0.0,14.7175,0.5,36.09325,2016-04-20
4/21/2016,-8.0,,,14.0,,14.0625,8.25,,,10.1875,0.0,9.012875,0.5,89.7145,2016-04-21
4/22/2016,-8.0,,,9.375,,8.625,7.4375,,,5.5,0.0,5.436,0.5,96.699125,2016-04-22
4/23/2016,-8.0,,,7.5625,,6.25,6.375,,,2.4375,0.0,1.354,0.5,109.695625,2016-04-23
4/24/2016,-8.0,,,4.75,,2.875,4.875,,,-0.125,0.0,-1.41125,0.5,107.762,2016-04-24
4/25/2016,-8.0,,,4.25,,2.25,3.8125,,,-0.625,0.0,-2.417375,0.5,105.373875,2016-04-25
4/26/2016,-8.0,,,5.9375,,4.375,3.875,,,0.5625,0.0,-1.097375,0.5,103.00675,2016-04-26
4/27/2016,-8.0,,,7.4375,,5.6875,4.6875,,,2.625,0.0,0.85125,0.5,104.8055,2016-04-27
4/28/2016,-8.0,,,7.75,,5.9375,5.125,,,2.4375,0.0,1.54275,0.5,106.375625,2016-04-28
4/29/2016,-8.0,,,7.0625,,5.1875,5.0,,,1.375,0.0,0.22275,0.5,107.437625,2016-04-29
4/30/2016,-8.0,,,8.375,,7.125,4.8125,,,4.625,0.0,3.8655,0.5,75.09175,2016-04-30
5/1/2016,-8.0,,,11.875,,12.625,5.8125,,,10.75,0.0,8.94975,0.5,42.848625,2016-05-01
5/2/2016,-8.0,,,14.75,,16.0625,7.3125,,,13.0625,0.0,11.52125,0.5,47.158,2016-05-02
5/3/2016,-8.0,,,13.9375,,13.625,7.9375,,,11.0625,0.0,10.2045,0.5,63.576625,2016-05-03
5/4/2016,-8.0,,,9.25,,8.0,7.25,,,5.3125,0.0,4.746125,0.5,105.87175,2016-05-04
5/5/2016,-8.0,,,10.5625,,9.625,6.875,,,6.0,0.0,5.059125,0.5,89.402875,2016-05-05
5/6/2016,-8.0,,,14.25,,14.25,7.25,,,11.125,0.0,9.7015,0.5,45.7535,2016-05-06
5/7/2016,-8.0,,,16.0625,,16.4375,8.5625,,,13.875,0.0,13.088375,0.5,44.15175,2016-05-07
5/8/2016,-8.0,,,9.875,,8.4375,7.8125,,,3.25,0.0,2.610375,0.5,93.848,2016-05-08
5/9/2016,-8.0,,,8.75,,6.5625,6.0,,,3.75,0.0,2.295625,0.5,82.442625,2016-05-09
5/10/2016,-8.0,,,11.3125,,10.5,6.375,,,7.1875,0.0,5.56125,0.5,62.702125,2016-05-10
5/11/2016,-8.0,,,13.0625,,11.6875,7.1875,,,8.125,0.0,6.87975,0.5,62.79025,2016-05-11
5/12/2016,-8.0,,,13.3125,,12.625,7.625,,,9.1875,0.0,8.009125,0.5,66.119625,2016-05-12
5/13/2016,-8.0,,,15.875,,15.0,8.1875,,,11.75,0.0,9.702375,0.5,58.136,2016-05-13
5/14/2016,-8.0,,,16.0625,,15.1875,9.0625,,,11.5,0.0,10.016125,0.5,62.059,2016-05-14
5/15/2016,-8.0,,,11.6875,,10.1875,8.375,,,5.75,0.0,5.24775,0.5,100.3715,2016-05-15
5/16/2016,-8.0,,,10.5,,8.9375,7.75,,,4.75,0.0,4.494625,0.5,106.193,2016-05-16
5/17/2016,-8.0,,,12.25,,10.25,7.625,,,6.5625,0.0,5.62375,0.5,96.898375,2016-05-17
5/18/2016,-8.0,,,10.625,,9.4375,7.875,,,5.375,0.0,4.8085,0.5,105.80175,2016-05-18
5/19/2016,-8.0,,,5.8125,,4.0,5.9375,,,0.125,0.0,-1.034,0.5,107.328625,2016-05-19
5/20/2016,-8.0,,,8.75,,6.875,5.875,,,2.625,0.0,1.228,0.5,102.523875,2016-05-20
5/21/2016,-8.0,,,8.5,,6.9375,6.625,,,3.6875,0.0,2.484875,0.5,102.054625,2016-05-21
5/22/2016,-8.0,,,7.875,,6.1875,6.375,,,2.625,0.0,1.47975,0.5,106.15299999999999,2016-05-22
5/23/2016,-8.0,,,7.875,,6.25,6.1875,,,2.625,0.0,1.605375,0.5,108.2135,2016-05-23
5/24/2016,-8.0,,,9.375,,7.8125,6.625,,,4.5,0.0,3.427125,0.5,107.156625,2016-05-24
5/25/2016,-8.0,,,11.125,,9.3125,7.125,,,5.375,0.0,4.368875,0.5,99.470875,2016-05-25
5/26/2016,-8.0,,,8.25,,6.6875,7.0,,,2.75,0.0,1.982375,0.5,110.315875,2016-05-26
5/27/2016,-8.0,,,5.5625,,3.75,5.6875,,,0.0625,0.0,-0.97125,0.5,108.405125,2016-05-27
5/28/2016,-8.0,,,5.75,,4.375,5.3125,,,0.5625,0.0,-0.531375,0.5,108.422875,2016-05-28
5/29/2016,-8.0,,,7.3125,,5.9375,5.875,,,2.625,0.0,1.416875,0.5,114.637125,2016-05-29
5/30/2016,-8.0,,,9.5625,,8.625,6.0,,,5.0625,0.0,4.556,0.5,91.729875,2016-05-30
5/31/2016,-8.0,,,14.25,,13.75,7.375,,,11.125,0.0,9.7025,0.5,56.738875,2016-05-31
6/1/2016,-8.0,,,13.5625,,13.0,8.5,,,8.6875,0.0,7.57,1.5625,83.777375,2016-06-01
6/2/2016,-8.0,,,10.25,,9.0625,8.9375,,,5.6875,0.75,4.557625,4.9375,109.127375,2016-06-02
6/3/2016,-8.0,,,13.125,,12.5,8.5,,,8.5,1.75,7.192375,6.0,100.378875,2016-06-03
6/4/2016,-8.0,,,18.5625,,19.5625,10.0625,,,17.6875,5.5625,16.22025,9.5,57.178875,2016-06-04
6/5/2016,-8.0,,,21.8125,,23.125,11.6875,,,21.125,8.4375,20.0395,12.25,43.07625,2016-06-05
6/6/2016,-8.0,,,20.625,,20.375,12.0625,,,17.75,9.6875,16.283875,12.625,57.15675,2016-06-06
6/7/2016,-8.0,,,19.0,,18.25,11.4375,,,15.5,8.6875,14.09125,11.1875,52.681999999999995,2016-06-07
6/8/2016,-8.0,,,15.3125,,13.9375,11.0,,,10.0,7.6875,8.7615,9.5,74.2,2016-06-08
6/9/2016,-8.0,,,9.5,,7.5,8.875,,,2.9375,3.9375,1.79375,4.25,109.473,2016-06-09
6/10/2016,-8.0,,,8.0,,6.25,7.4375,,,2.0,2.8125,0.788375,2.375,111.3085,2016-06-10
6/11/2016,-8.0,,,7.1875,,5.125,6.6875,,,1.5,1.25,0.2855,1.5,111.579625,2016-06-11
6/12/2016,-8.0,,,9.25,,7.0625,6.75,,,3.5,2.25,2.170625,1.0,114.64425,2016-06-12
6/13/2016,-8.0,,,7.8125,,6.3125,7.1875,,,3.1875,2.9375,1.794,1.75,112.85275,2016-06-13
6/14/2016,-8.0,,,4.875,,2.9375,4.75,,,-1.0,1.0,-2.291375,1.125,107.222375,2016-06-14
6/15/2016,-8.0,,,6.625,,5.125,5.4375,,,0.4375,0.5,-0.9085,0.9375,107.555125,2016-06-15
6/16/2016,-8.0,,,6.875,,4.9375,5.8125,,,1.875,0.5,0.6,0.5,106.268125,2016-06-16
6/17/2016,-8.0,,,10.3125,,9.1875,6.25,,,5.75,0.5,4.367625,0.5,82.10125,2016-06-17
6/18/2016,-8.0,,,8.25,,6.5,7.0,,,3.4375,0.375,2.736,0.6875,99.7275,2016-06-18
6/19/2016,-8.0,,,9.375,,8.1875,6.6875,,,4.625,1.375,3.30025,1.4375,98.6485,2016-06-19
6/20/2016,-8.0,,,12.6875,,12.5625,7.9375,,,10.0,4.1875,8.824625,4.375,66.63075,2016-06-20
6/21/2016,-8.0,,,11.8125,,10.1875,8.25,,,5.625,4.75,4.62025,4.875,108.534875,2016-06-21
6/22/2016,-8.0,,,13.6875,,12.25,8.4375,,,8.25,5.75,6.8795,5.75,93.45875,2016-06-22
6/23/2016,-8.0,,,10.5,,8.9375,8.6875,,,5.25,5.25,3.86675,5.1875,107.754125,2016-06-23
6/24/2016,-8.0,,,8.6875,,6.875,7.75,,,3.375,3.6875,2.2965,3.875,113.218375,2016-06-24
6/25/2016,-8.0,,,11.375,,10.0,7.875,,,6.625,4.8125,5.436,5.0,111.60625,2016-06-25
6/26/2016,-8.0,,,14.6875,,14.375,8.75,,,12.0,6.6875,10.642125,6.875,73.06325,2016-06-26
6/27/2016,-8.0,,,18.9375,,18.875,10.5,,,17.0625,9.3125,15.6575,9.8125,57.766875,2016-06-27
6/28/2016,-8.0,,,18.5625,,17.1875,11.0625,,,15.4375,10.1875,14.153625,11.0,77.289125,2016-06-28
6/29/2016,-8.0,,,18.0,,17.0,11.125,,,14.75,10.125,13.339,11.125,75.38025,2016-06-29
6/30/2016,-8.0,,,16.125,,14.125,10.8125,,,10.4375,9.5,8.950125,10.0,100.090875,2016-06-30
7/1/2016,-8.0,,,14.125,,12.125,10.375,,,9.0,8.1875,8.071875,8.6875,100.310875,2016-07-01
7/2/2016,-8.0,,,16.25,,14.875,10.4375,,,10.5625,8.8125,8.6365,8.6875,104.9675,2016-07-02
7/3/2016,-8.0,,,13.4375,,11.25,10.1875,,,6.3125,7.25,5.436375,7.625,105.095875,2016-07-03
7/4/2016,-8.0,,,9.75,,7.875,8.6875,,,4.25,4.8125,3.364375,5.3125,108.338625,2016-07-04
7/5/2016,-8.0,,,9.1875,,7.375,8.1875,,,4.25,4.1875,2.799125,3.8125,113.176125,2016-07-05
7/6/2016,-8.0,,,11.1875,,10.1875,8.375,,,6.5,5.375,5.43575,5.0625,107.92675,2016-07-06
7/7/2016,-8.0,,,11.75,,10.5625,9.125,,,7.375,6.25,6.12675,6.1875,105.55225,2016-07-07
7/8/2016,-8.0,,,12.625,,11.1875,9.8125,,,7.875,6.75,6.37775,6.6875,112.857875,2016-07-08
7/9/2016,-8.0,,,11.3125,,10.125,9.375,,,5.6875,5.8125,4.2435,5.625,114.8525,2016-07-09
7/10/2016,-8.0,,,11.3125,,9.5625,8.9375,,,6.125,5.5625,4.996875,5.5,106.266375,2016-07-10
7/11/2016,-8.0,,,11.9375,,10.0,8.9375,,,6.375,6.0,4.997,5.875,111.054625,2016-07-11
7/12/2016,-8.0,,,12.5,,10.875,9.1875,,,7.25,6.5625,5.875625,6.5625,107.6345,2016-07-12
7/13/2016,-8.0,,,12.8125,,11.0625,9.3125,,,8.5,7.5,6.817,6.9375,105.619625,2016-07-13
7/14/2016,-8.0,,,13.875,,11.625,9.625,,,8.625,7.9375,7.13075,7.5,101.2215,2016-07-14
7/15/2016,-8.0,,,10.625,,9.1875,9.0,,,6.25,6.1875,5.247875,6.375,105.17875,2016-07-15
7/16/2016,-8.0,,,12.6875,,11.1875,9.4375,,,8.375,7.25,7.38175,7.25,112.795875,2016-07-16
7/17/2016,-8.0,,,14.25,,12.9375,10.0,,,10.375,8.25,9.326375,8.5,98.17325,2016-07-17
7/18/2016,-8.0,,,14.1875,,12.75,10.3125,,,10.625,8.5625,9.8285,8.6875,90.66,2016-07-18
7/19/2016,-8.0,,,14.0625,,12.6875,10.3125,,,8.875,8.375,7.1935,8.0,112.0035,2016-07-19
7/20/2016,-8.0,,,14.25,,12.75,10.1875,,,10.0,8.4375,7.88375,8.1875,101.792375,2016-07-20
7/21/2016,-8.0,,,16.9375,,15.875,10.5625,,,14.6875,9.3125,12.9,9.1875,70.208625,2016-07-21
7/22/2016,-8.0,,,12.9375,,12.0625,10.75,,,8.6875,8.6875,7.632625,9.0625,100.73975,2016-07-22
7/23/2016,-8.0,,,12.875,,11.1875,10.0,,,7.6875,7.5625,6.315,7.625,109.363375,2016-07-23
7/24/2016,-8.0,,,15.9375,,14.5,10.1875,,,13.4375,8.8125,12.084125,8.9375,80.264375,2016-07-24
7/25/2016,-8.0,,,18.3125,,17.375,11.6875,,,17.0625,11.25,15.344125,11.6875,76.565375,2016-07-25
7/26/2016,-8.0,,,18.6875,,17.0625,12.0625,,,15.375,11.6875,14.404125,12.375,83.534875,2016-07-26
7/27/2016,-8.0,,,18.9375,,17.4375,12.125,,,17.0625,11.6875,15.53125,12.6875,78.4165,2016-07-27
7/28/2016,-8.0,,,20.0,,18.75,12.75,,,18.375,12.3125,16.7215,13.375,65.195125,2016-07-28
7/29/2016,-8.0,,,20.625,,19.4375,13.0,,,18.875,13.25,17.2225,14.0,64.9995,2016-07-29
7/30/2016,-8.0,,,16.9375,,15.4375,12.0625,,,13.5625,11.5,11.396125,11.9375,72.71075,2016-07-30
7/31/2016,-8.0,,,14.9375,,12.375,10.9375,,,9.5,9.375,8.134375,9.5625,92.40299999999999,2016-07-31
8/1/2016,-8.0,,,15.75,,14.25,10.875,,,12.3125,9.875,10.9565,10.0625,81.968625,2016-08-01
8/2/2016,-8.0,,,12.5625,,10.625,10.6875,,,7.0625,8.4375,5.9385,8.625,105.83725,2016-08-02
8/3/2016,-8.0,,,13.125,,11.0,10.1875,,,8.0,7.625,7.00525,7.8125,111.476,2016-08-03
8/4/2016,-8.0,,,15.375,,14.0625,10.625,,,11.75,9.0,10.893625,8.5,74.05475,2016-08-04
8/5/2016,-8.0,,,15.6875,,15.125,11.25,,,12.5625,9.9375,11.145125,9.6875,76.690375,2016-08-05
8/6/2016,-8.0,,,13.75,,11.75,10.4375,,,9.875,8.625,8.510875,8.625,87.701875,2016-08-06
8/7/2016,-8.0,,,12.0,,10.125,10.125,,,7.0625,7.9375,6.00125,8.0625,106.075375,2016-08-07
8/8/2016,-8.0,,,12.4375,,10.25,9.75,,,7.1875,7.3125,5.87575,7.0625,112.011375,2016-08-08
8/9/2016,-8.0,,,13.1875,,11.125,10.125,,,8.125,7.5,6.75425,7.5625,112.86225,2016-08-09
8/10/2016,-8.0,,,14.625,,12.8125,10.5,,,10.0,8.4375,8.82475,8.5625,112.861875,2016-08-10
8/11/2016,-8.0,,,16.5625,,15.6875,11.1875,,,14.9375,10.0,13.7765,10.125,77.1565,2016-08-11
8/12/2016,-8.0,,,19.3125,,19.625,12.4375,,,18.6875,11.5625,16.784125,11.875,58.760375,2016-08-12
8/13/2016,-8.0,,,20.3125,,19.9375,13.1875,,,18.875,12.625,16.847,12.75,59.900625,2016-08-13
8/14/2016,-8.0,,,19.125,,18.0625,13.0,,,16.6875,12.375,14.96825,12.875,73.16575,2016-08-14
8/15/2016,-8.0,,,18.375,,17.25,12.4375,,,16.625,11.875,14.654375,12.4375,72.047375,2016-08-15
8/16/2016,-8.0,22.73675,54.61775,16.7,,20.16666667,12.3,,,15.1,11.4,14.92583333,12.08333333,72.01483333,2016-08-16
8/17/2016,-8.0,18.607625,69.39475,,,17.1875,,,,,,,,,2016-08-17
8/18/2016,-8.0,21.671625,52.707625,,,21.5,,,,,,,,,2016-08-18
8/19/2016,-8.0,22.171875,46.02625,,,21.4375,,,,,,,,,2016-08-19
8/20/2016,-8.0,21.921875,48.498875,,,21.125,,,,,,,,,2016-08-20
8/21/2016,-8.0,18.358125,57.05125,,,16.5,,,,,,,,,2016-08-21
8/22/2016,-8.0,13.851125,74.9595,,,9.5625,,,,,,,,,2016-08-22
8/23/2016,-8.0,15.665,71.40925,,,13.0625,,,,,,,,,2016-08-23
8/24/2016,-8.0,19.0445,58.983125,,,17.375,,,,,,,,,2016-08-24
8/25/2016,-8.0,20.421625,53.282625,,,19.5625,,,,,,,,,2016-08-25
8/26/2016,-8.0,20.85925,50.7225,,,20.25,,,,,,,,,2016-08-26
8/27/2016,-8.0,17.482375,64.446,,,15.6875,,,,,,,,,2016-08-27
8/28/2016,-8.0,13.97625,84.068875,,,11.9375,,,,,,,,,2016-08-28
8/29/2016,-8.0,16.104,81.3035,,,16.125,,,,,,,,,2016-08-29
8/30/2016,-8.0,15.165375,80.758,,,14.4375,,,,,,,,,2016-08-30
8/31/2016,-8.0,13.6635,93.489125,,,11.0625,,,,,,,,,2016-08-31
9/1/2016,-8.0,11.65875,101.106125,,,8.0625,,,,,,,,,2016-09-01
9/2/2016,-8.0,10.7815,102.300875,,,7.5,,,,,,,,,2016-09-02
9/3/2016,-8.0,11.094875,101.5345,,,7.9375,,,,,,,,,2016-09-03
9/4/2016,-8.0,10.7185,94.553125,,,7.75,,,,,,,,,2016-09-04
9/5/2016,-8.0,11.72125,95.760375,,,8.75,,,,,,,,,2016-09-05
9/6/2016,-8.0,12.285375,94.670375,,,8.6875,,,,,,,,,2016-09-06
9/7/2016,-8.0,12.159875,99.38425,,,9.0625,,,,,,,,,2016-09-07
9/8/2016,-8.0,11.095,102.1395,,,8.3125,,,,,,,,,2016-09-08
9/9/2016,-8.0,11.156375,92.95425,,,9.625,,,,,,,,,2016-09-09
9/10/2016,-8.0,13.97575,89.258125,,,13.25,,,,,,,,,2016-09-10
9/11/2016,-8.0,13.53775,79.2065,,,10.0,,,,,,,,,2016-09-11
9/12/2016,-8.0,11.72025,74.045,,,10.75,,,,,,,,,2016-09-12
9/13/2016,-8.0,12.596875,71.19125,,,12.6875,,,,,,,,,2016-09-13
9/14/2016,-8.0,13.78725,77.40325,,,13.75,,,,,,,,,2016-09-14
9/15/2016,-8.0,13.912875,80.276125,,,12.9375,,,,,,,,,2016-09-15
9/16/2016,-8.0,14.53925,79.073125,,,13.75,,,,,,,,,2016-09-16
9/17/2016,-8.0,12.16,100.222875,,,9.375,,,,,,,,,2016-09-17
9/18/2016,-8.0,10.844125,101.70100000000001,,,8.0,,,,,,,,,2016-09-18
9/19/2016,-8.0,9.46575,102.4085,,,6.25,,,,,,,,,2016-09-19
9/20/2016,-8.0,9.465375,99.542625,,,6.5625,,,,,,,,,2016-09-20
9/21/2016,-8.0,9.652875,90.06725,,,8.625,,,,,,,,,2016-09-21
9/22/2016,-8.0,10.5925,85.26825,,,8.875,,,,,,,,,2016-09-22
9/23/2016,-8.0,9.46575,97.982375,,,6.625,,,,,,,,,2016-09-23
9/24/2016,-8.0,10.21775,98.161,,,7.75,,,,,,,,,2016-09-24
9/25/2016,-8.0,11.8465,99.947125,,,9.875,,,,,,,,,2016-09-25
9/26/2016,-8.0,14.16375,93.37725,,,14.5625,,,,,,,,,2016-09-26
9/27/2016,-8.0,13.41275,91.66675,,,11.125,,,,,,,,,2016-09-27
9/28/2016,-8.0,11.0315,87.28075,,,9.6875,,14.59566667,,10.0,,9.6495,,69.175,2016-09-28
9/29/2016,-8.0,10.3425,90.187125,,,9.25,,7.834875,,9.333333332999999,,8.082375,,81.88225,2016-09-29
9/30/2016,-8.0,10.718875,89.8275,,,8.25,,7.7725,81.7445,6.75,,4.25825,,97.031,2016-09-30
10/1/2016,-8.0,8.023375,92.430875,,,5.5,,4.26075,89.576875,2.0,,0.871,,100.9075,2016-10-01
10/2/2016,-8.0,8.901,91.639375,,,6.0,,6.329125,80.211125,5.333333333,,3.50525,,87.596125,2016-10-02
10/3/2016,-8.0,8.5875,92.3615,,,6.3125,,5.327000000000001,94.047375,3.833333333,,2.376625,,99.494375,2016-10-03
10/4/2016,-8.0,8.775875,100.94225,,,5.4375,,3.94725,99.219375,2.416666667,,0.9965,,105.28675,2016-10-04
10/5/2016,-8.0,9.089375,97.1195,,,6.125,,5.515125,91.714125,4.583333333,,2.752875,,99.899875,2016-10-05
10/6/2016,-8.0,9.34025,101.541625,,,6.3125,,5.13875,97.72200000000001,3.666666667,,2.314,,104.738125,2016-10-06
10/7/2016,-8.0,8.5255,103.105875,,,5.625,,4.135375,102.459625,2.916666667,,1.3730000000000002,,105.45125,2016-10-07
10/8/2016,-8.0,8.901375,102.838125,,,7.5625,,6.5185,101.834875,5.166666667,,4.257875,,105.0125,2016-10-08
10/9/2016,-8.0,8.337125,103.532375,,,6.0,,5.45225,94.13575,3.166666667,,0.996375,,105.886875,2016-10-09
10/10/2016,-8.0,6.267875,101.89299999999999,,,2.5625,,1.49975,93.897875,0.333333333,,-1.38825,,101.462,2016-10-10
10/11/2016,-8.0,3.444625,95.694375,,,2.0,,1.56075,71.01375,1.6666666669999999,,-0.19625,,67.126125,2016-10-11
10/12/2016,-8.0,4.573625,94.958375,,,5.5,,4.57275,57.644,4.75,,2.752875,,52.044125,2016-10-12
10/13/2016,-8.0,8.6505,101.859,,,6.875,,5.452625,96.13225,4.083333333,,2.752875,,101.00725,2016-10-13
10/14/2016,-8.0,7.898375,103.3725,,,4.625,,3.131125,103.764,2.0,,0.933625,,105.723625,2016-10-14
10/15/2016,-8.0,7.45925,103.851625,,,4.375,,2.817875,104.78525,1.6666666669999999,,0.55725,,106.26725,2016-10-15
10/16/2016,-8.0,7.459375,103.90475,,,4.3125,,2.629625,105.120625,1.333333333,,0.18075,,106.428875,2016-10-16
10/17/2016,-8.0,7.334,104.063125,,,4.1875,,2.252875,103.713875,0.666666667,,-0.07025,,106.319,2016-10-17
10/18/2016,-8.0,7.146,104.274375,,,3.75,,1.939125,103.714375,0.583333333,,-0.2585,,106.429125,2016-10-18
10/19/2016,-8.0,6.706875,104.4325,,,3.6875,,2.69175,96.343625,1.0,,-0.5095,,106.32,2016-10-19
10/20/2016,-8.0,8.023625,103.957125,,,5.4375,,4.135125,102.86399999999999,2.583333333,,1.372875,,106.588,2016-10-20
10/21/2016,-8.0,6.45575,104.589125,,,3.8125,,2.75475,98.87799999999999,1.4166666669999999,,-0.0075,,107.022875,2016-10-21
10/22/2016,-8.0,6.3305,104.800375,,,3.4375,,2.44075,93.631875,0.916666667,,-0.57225,,103.547625,2016-10-22
10/23/2016,-8.0,7.58475,103.632125,,,5.4375,,4.69975,87.691125,2.833333333,,1.05925,,100.781125,2016-10-23
10/24/2016,-8.0,9.402625,99.289125,,,7.625,,6.831875,80.657,6.666666667,,4.63425,,81.592625,2016-10-24
10/25/2016,-8.0,7.772875,102.8865,,,4.25,,3.13175,99.280125,1.5833333330000001,,0.369,,105.995875,2016-10-25
10/26/2016,-8.0,7.334,102.664375,,,5.625,,4.135375,98.015125,3.166666667,,2.000125,,100.55875,2016-10-26
10/27/2016,-8.0,8.4,103.851375,,,5.0,,3.696375,101.48299999999999,2.333333333,,0.93375,,106.321125,2016-10-27
10/28/2016,-8.0,7.584875,103.957625,,,5.3125,,4.699875,94.698625,3.5,,1.623875,,105.068,2016-10-28
10/29/2016,-8.0,6.5815,102.348375,,,4.8125,,3.507875,88.6825,2.5,,1.37275,,91.264125,2016-10-29
10/30/2016,-8.0,5.954125,103.204375,,,4.1875,,3.13075,93.20625,2.75,,1.310125,,95.4185,2016-10-30
10/31/2016,-8.0,7.459375,103.957375,,,4.375,,2.94325,102.23575,1.75,,0.4945,,105.99575,2016-10-31
11/1/2016,-8.0,6.3935,104.801375,,,3.125,,1.374125,103.541625,0.083333333,,-0.94875,,106.10375,2016-11-01
11/2/2016,-8.0,7.396875,104.380375,,,4.9375,,3.005375,102.197,1.4166666669999999,,0.55725,,106.1045,2016-11-02
11/3/2016,-8.0,7.835625,104.3275,,,6.75,,6.393125,76.211375,4.75,,2.9410000000000003,,86.701125,2016-11-03
11/4/2016,-8.0,7.33325,99.787375,,,11.6875,,10.65625,38.7355,8.916666667000001,,7.64375,,42.2475,2016-11-04
11/5/2016,-8.0,9.77875,102.377875,,,7.625,,6.581375,91.91375,5.166666667,,3.69375,,98.9465,2016-11-05
11/6/2016,-8.0,6.247000000000001,104.79466670000001,,,3.166666667,,2.343555556,99.31555556,1.142857143,,-0.049333333,,106.2371111,2016-11-06
11/7/2016,-8.0,8.838625,104.01,,,7.9375,,6.580875,91.12075,4.583333333,,3.442625,,102.1715,2016-11-07
11/8/2016,-8.0,11.09475,103.25425,,,12.9375,,11.595999999999998,68.02575,9.333333332999999,,7.769125,,82.19075,2016-11-08
11/9/2016,-8.0,10.844125,102.498125,,,8.75,,7.522,96.048625,6.166666667,,4.8855,,102.05125,2016-11-09
11/10/2016,-8.0,9.402625,103.36975,,,11.625,,11.09425,56.06399999999999,10.16666667,,8.4585,,59.247625,2016-11-10
11/11/2016,-8.0,10.468125,101.59425,,,11.875,,10.78125,60.613,9.166666667000001,,7.5185,,67.8045,2016-11-11
11/12/2016,-8.0,9.214625,103.028625,,,5.9375,,5.138875,97.71325,3.5,,2.3135,,104.25075,2016-11-12
11/13/2016,-8.0,6.581875,104.801125,,,3.625,,1.62525,101.935875,0.083333333,,-0.7605,,106.212875,2016-11-13
11/14/2016,-8.0,6.1425,105.010125,,,2.9375,,1.373875,101.35875,0.333333333,,-0.948875,,102.09575,2016-11-14
11/15/2016,-8.0,4.888,105.48,,,1.8125,,0.30675,102.377875,-1.4166666669999999,,-2.1415,,104.9005,2016-11-15
11/16/2016,-8.0,2.6295,106.103375,,,0.0625,,-1.3885,100.63025,-3.166666667,,-4.46475,,104.629375,2016-11-16
11/17/2016,-8.0,2.50375,106.41175,,,-0.3125,,-1.514125,100.38525,-2.833333333,,-4.02525,,104.68475,2016-11-17
11/18/2016,-8.0,2.503875,106.206625,,,-0.5,,-1.640125,92.44725,-2.833333333,,-4.213625,,102.1385,2016-11-18
11/19/2016,-8.0,4.699875,105.219125,,,1.625,,1.248375,98.8345,-0.583333333,,-1.5765,,104.0395,2016-11-19
11/20/2016,-8.0,6.268125,105.115125,,,3.0625,,1.562375,103.20275,0.333333333,,-0.44675,,106.050125,2016-11-20
11/21/2016,-8.0,4.888,105.4805,,,1.8125,,0.683625,102.51075,-0.916666667,,-1.827625,,105.669375,2016-11-21
11/22/2016,-8.0,4.197875,105.73975,,,1.4375,,0.243875,99.355625,-1.4166666669999999,,-2.5810000000000004,,105.669375,2016-11-22
11/23/2016,-8.0,3.759125,105.89625,,,0.5,,-0.88625,102.631125,-2.25,,-3.585875,,105.068625,2016-11-23
11/24/2016,-8.0,3.00625,106.25825,,,0.5,,-0.44675,102.920625,-2.166666667,,-2.895,,105.178625,2016-11-24
11/25/2016,-8.0,3.32,106.051,,,0.5,,-0.383875,99.562375,-2.0,,-3.2089999999999996,,105.23275,2016-11-25
11/26/2016,-8.0,4.009875,105.948,,,0.875,,0.432375,104.053375,-0.833333333,,-1.7645,,105.941625,2016-11-26
11/27/2016,-8.0,2.5669999999999997,106.36225,,,0.0,,-1.63975,103.194125,-3.083333333,,-3.9625,,105.068625,2016-11-27
11/28/2016,-8.0,2.127375,106.46425,,,-0.125,,-1.514125,102.009375,-3.0,,-4.2135,,104.848375,2016-11-28
11/29/2016,-8.0,2.692375,106.3615,,,-0.3125,,-1.702625,99.43299999999999,-3.083333333,,-4.02525,,104.79475,2016-11-29
11/30/2016,-8.0,2.566625,106.413625,,,0.25,,-1.325875,102.39399999999999,-2.916666667,,-3.9625,,104.904,2016-11-30
12/1/2016,-8.0,2.002,106.773625,,,-1.125,,-2.45675,96.24775,-4.0,,-5.092625,,104.297875,2016-12-01
12/2/2016,-8.0,3.32,106.309625,,,0.4375,,-0.5095,101.885375,-2.166666667,,-3.146125,,105.396875,2016-12-02
12/3/2016,-8.0,2.504,106.567125,,,0.0625,,-1.514,102.2825,-2.666666667,,-4.2765,,105.287375,2016-12-03
12/4/2016,-8.0,0.369625,106.978375,,,-3.1875,,-5.09625,95.029,-5.666666667,,-8.17125,,103.689625,2016-12-04
12/5/2016,-8.0,-1.325875,105.6875,,,-4.75,,-7.421375,99.142125,-7.583333333,,-9.11375,,103.301,2016-12-05
12/6/2016,-8.0,-4.02675,104.168625,,,-8.3125,,-11.006375,92.133375,-11.25,,-12.32025,,101.6175,2016-12-06
12/7/2016,-8.0,-6.35225,104.22125,,,-10.375,,-13.838375,89.084,-11.16666667,,-12.1945,,100.5965,2016-12-07
12/8/2016,-8.0,-5.59825,103.79799999999999,,,-9.1875,,-11.7615,86.150875,-11.16666667,,-12.32025,,98.524,2016-12-08
12/9/2016,-8.0,-2.833375,104.378375,,,-2.375,,-3.58725,99.682,-5.666666667,,-6.412000000000001,,104.131375,2016-12-09
12/10/2016,-8.0,-0.195375,105.373625,,,-2.0625,,-3.524125,101.25475,-4.833333333,,-6.2860000000000005,,104.188125,2016-12-10
12/11/2016,-8.0,0.5579999999999999,106.25725,,,-1.5,,-2.95875,101.24225,-4.416666667,,-5.783625,,104.46325,2016-12-11
12/12/2016,-8.0,-1.64,104.059,,,-3.375,,-4.27825,99.606625,-4.5,,-6.286125,,104.35425,2016-12-12
12/13/2016,-8.0,-3.4615,103.586,,,-5.3125,,-8.365375,94.59875,-6.333333333,,-8.9255,,102.67175,2016-12-13
12/14/2016,-8.0,-5.849625,103.58625,,,-6.875,,-10.754375,87.940125,-8.333333332999999,,-9.365125,,91.348625,2016-12-14
12/15/2016,-8.0,-6.16375,103.532875,,,-7.6875,,-11.1325,89.8,-8.583333332999999,,-10.056875,,95.820875,2016-12-15
12/16/2016,-8.0,-8.49,103.372125,,,-11.8125,,-14.4045,82.212875,-13.75,,-14.584000000000001,,88.372125,2016-12-16
12/17/2016,-8.0,-8.427125,103.53175,,,-10.625,,-12.453,92.688125,-12.75,,-13.2005,,97.25325,2016-12-17
12/18/2016,-8.0,-3.713,103.58625,,,-4.6875,,-6.289625,98.630875,-9.0,,-7.291375,,103.85225,2016-12-18
12/19/2016,-8.0,0.18125,105.11200000000001,,,-1.3125,,-2.58175,100.447,-4.416666667,,-5.09275,,104.35275,2016-12-19
12/20/2016,-8.0,0.74625,105.947875,,,-0.375,,-1.828125,97.8665,-3.25,,-4.716,,104.957625,2016-12-20
12/21/2016,-8.0,0.62075,105.948125,,,-1.4375,,-1.64,85.0425,-4.0,,-5.343875,,104.072875,2016-12-21
12/22/2016,-8.0,0.74625,105.948,,,-0.8125,,-1.576875,84.704125,-4.166666667,,-5.09275,,101.663625,2016-12-22
12/23/2016,-8.0,0.244,105.895625,,,-1.8125,,-3.33575,101.304125,-4.166666667,,-5.783625,,104.684125,2016-12-23
12/24/2016,-8.0,-1.3259999999999998,104.166625,,,-4.875,,-8.616375,95.788125,-6.5,,-8.8625,,103.579,2016-12-24
12/25/2016,-8.0,-5.660625,103.2665,,,-7.8125,,-9.937125,93.4005,-8.75,,-10.245375,,102.29125,2016-12-25
12/26/2016,-8.0,-2.70825,103.5825,,,-3.5625,,-4.90675,98.7495,-6.833333333,,-7.92,,103.8,2016-12-26
12/27/2016,-8.0,0.36975,105.68875,,,-2.125,,-3.649875,100.257375,-4.75,,-6.663125,,104.1885,2016-12-27
12/28/2016,-8.0,0.5579999999999999,105.999875,,,-2.8125,,-4.215375,99.188875,-5.5,,-7.165625,,103.96775,2016-12-28
12/29/2016,-8.0,0.4325,106.206,,,-1.625,,-3.14725,100.178,-4.583333333,,-5.783625,,104.683875,2016-12-29
12/30/2016,-8.0,0.244125,106.25875,,,-3.0,,-4.843999999999999,96.83200000000001,-4.5,,-7.102875,,104.02225,2016-12-30
12/31/2016,-8.0,-1.95375,103.31875,,,-5.1875,,-6.478125,99.22175,-6.583333333,,-9.239375,,103.2455,2016-12-31
1/1/2017,-8.0,-3.021625,103.31925,,,-6.5,,-8.427125,91.710125,-8.166666667000001,,-11.56575,,102.126,2017-01-01
1/2/2017,-8.0,-7.421125,103.79875,,,-11.5,,-12.327,82.212875,-12.25,,-15.716125,,99.7945,2017-01-02
1/3/2017,-8.0,-9.055875,103.69200000000001,,,-13.0,,-13.019125,70.141375,-14.33333333,,-16.660125,,95.871375,2017-01-03
1/4/2017,-8.0,-8.301375,103.639375,,,-9.0,,-9.622625,54.00825,-12.41666667,,-11.565875,,82.994375,2017-01-04
1/5/2017,-8.0,-8.804375,103.266,,,-7.4375,,-8.113375,59.064875,-10.16666667,,-9.7425,,80.6655,2017-01-05
1/6/2017,-8.0,-5.220875,102.783875,,,-6.125,,-5.598375,64.58175,-9.666666667000001,,-9.931000000000001,,92.792375,2017-01-06
1/7/2017,-8.0,-5.5355,102.73,,,-4.6875,,-4.53,59.903375,-8.166666667000001,,-7.73125,,88.835125,2017-01-07
1/8/2017,-8.0,-0.635125,103.466625,,,-0.1875,,0.055625,92.9485,-2.083333333,,-2.39275,,103.677,2017-01-08
1/9/2017,-8.0,0.244125,105.636625,,,-2.0,,-3.524375,98.682375,-4.083333333,,-6.412000000000001,,104.021625,2017-01-09
1/10/2017,-8.0,-4.404125,99.6285,,,-8.5,,-9.81125,84.56175,-8.5,,-11.880375,,99.4305,2017-01-10
1/11/2017,-8.0,-7.60975,97.68175,,,-10.5625,,-10.755999999999998,63.72025,-13.33333333,,-12.068875,,78.205375,2017-01-11
1/12/2017,-8.0,-9.2445,101.316625,,,-8.1875,,-8.679875,65.100625,-10.08333333,,-9.365125,,79.17125,2017-01-12
1/13/2017,-8.0,-5.975625,100.8865,,,-4.625,,-4.2165,52.30375,-7.75,,-5.783875,,63.51425,2017-01-13
1/14/2017,-8.0,-4.5295,101.158375,,,-0.5625,,0.492875,40.788875,-4.0,,-1.890375,,53.09775,2017-01-14
1/15/2017,-8.0,-1.577,101.2705,,,0.1875,,-0.007375,66.23775,-2.833333333,,-1.137125,,74.02875,2017-01-15
1/16/2017,,0.6205,102.504375,,,3.4375,,3.131125,74.669,-0.333333333,,-0.19575,,87.020875,2017-01-16
1/17/2017,,2.31575,105.219875,,,3.4375,,2.252875,101.97525,0.75,,-0.0075,,105.55825,2017-01-17
1/18/2017,,2.62975,105.6365,,,2.5625,,1.31125,105.456375,0.166666667,,-0.69775,,106.590375,2017-01-18
1/19/2017,,2.002,106.20700000000001,,,0.5,,-0.635125,106.233875,-2.166666667,,-3.2089999999999996,,105.614875,2017-01-19
1/20/2017,,1.562375,106.102875,,,-0.125,,-2.33075,104.44025,-2.833333333,,-4.21375,,105.1775,2017-01-20
1/21/2017,,1.687875,106.2065,,,0.125,,-1.01175,99.260875,-2.416666667,,-3.585875,,105.34,2017-01-21
1/22/2017,,1.122875,106.3615,,,-0.4375,,-2.0795,97.479875,-3.333333333,,-4.5275,,104.51799999999999,2017-01-22
1/23/2017,,-0.1955,106.8245,,,-2.3125,,-5.976125,93.789375,-3.666666667,,-5.2185,,101.834375,2017-01-23
1/24/2017,,-0.383875,103.613625,,,-2.125,,-4.781375,99.134375,-4.75,,-5.5955,,103.688375,2017-01-24
1/25/2017,,0.432125,100.6085,,,-2.0625,,-3.587125,96.107625,-5.083333333,,-6.349125,,104.132375,2017-01-25
1/26/2017,,0.74625,101.04799999999999,,,-1.4375,,-1.954125,94.513875,-3.25,,-5.09275,,103.37975,2017-01-26
1/27/2017,,0.494875,100.062875,,,-0.5625,,-0.887125,81.475625,-2.333333333,,-3.962375,,98.353125,2017-01-27
1/28/2017,,0.87175,99.7855,,,3.6875,,4.386125,37.09775,1.5833333330000001,,-0.886125,,66.901625,2017-01-28
1/29/2017,,1.311,101.561,,,3.4375,,2.251875,69.810875,0.166666667,,-1.200125,,82.71475,2017-01-29
1/30/2017,,0.934625,105.272,,,-1.0,,-3.3989999999999996,95.65525,-4.333333333,,-5.972125,,102.078125,2017-01-30
1/31/2017,,-1.891,96.011125,,,-5.625,,-7.861625,69.19475,-9.416666667000001,,-10.999875,,76.84775,2017-01-31
2/1/2017,,-2.268375,72.15375,,,-6.125,,-8.113125,54.034625,-9.333333332999999,,-11.44,,62.17025,2017-02-01
2/2/2017,,-2.958875,80.43,,,-3.6875,,-5.536375,40.476125,-3.666666667,,-7.291875,,40.675625,2017-02-02
2/3/2017,,-1.200125,99.18575,,,0.0,,-0.697875,92.480125,-2.166666667,,-3.334625,,98.31225,2017-02-03
2/4/2017,,-1.011875,103.318375,,,0.375,,-0.760625,101.52875,-2.416666667,,-3.585625,,104.848,2017-02-04
2/5/2017,,-1.70275,103.425,,,-3.125,,-4.969625,99.839,-6.583333333,,-7.668375,,103.46600000000001,2017-02-05
2/6/2017,,-4.718125,102.89200000000001,,,-5.375,,-6.289375,99.3805,-7.666666667,,-8.862375,,102.96700000000001,2017-02-06
2/7/2017,,-4.341,103.212625,,,-4.875,,-6.164,90.07675,-6.083333333,,-8.422625,,102.4055,2017-02-07
2/8/2017,,-2.896375,103.15875,,,-2.25,,-2.64525,97.817875,-4.083333333,,-5.218999999999999,,104.18175,2017-02-08
2/9/2017,,0.9345,105.010625,,,2.8125,,2.566625,102.05775,1.083333333,,0.180625,,106.699,2017-02-09
2/10/2017,,1.122875,105.428625,,,-0.5625,,-2.01675,99.445875,-3.916666667,,-5.218375,,105.231625,2017-02-10
2/11/2017,,0.809,105.844375,,,-1.4375,,-2.645125,96.803625,-4.5,,-6.411875,,104.29899999999999,2017-02-11
2/12/2017,,0.74625,106.051125,,,-1.125,,-0.32175,64.86325,-2.083333333,,-3.64875,,87.215875,2017-02-12
2/13/2017,,1.8135,104.9475,,,4.125,,4.8865,54.40375,5.333333333,,5.135875,,47.57525,2017-02-13
2/14/2017,,3.068625,97.9445,,,8.25,,7.96025,42.2135,5.916666667,,4.759625,,43.968125,2017-02-14
2/15/2017,,3.50825,105.114875,,,6.0625,,5.076125,101.888125,3.833333333,,2.815625,,106.157875,2017-02-15
2/16/2017,,3.069,105.688375,,,2.6875,,1.49975,103.188125,0.25,,-0.9490000000000001,,106.807,2017-02-16
2/17/2017,,2.064625,105.999,,,0.6875,,-0.761375,96.950375,-0.666666667,,-3.14625,,105.995875,2017-02-17
2/18/2017,,1.876125,106.25875,,,0.625,,-0.32125,96.02775,-1.9166666669999999,,-3.39725,,106.05,2017-02-18
2/19/2017,,1.876125,106.15475,,,0.125,,-1.200125,99.189375,-3.166666667,,-4.33925,,105.6685,2017-02-19
2/20/2017,,2.0645,106.464625,,,0.1875,,-0.5095,96.8665,-2.25,,-3.836875,,105.77825,2017-02-20
2/21/2017,,1.2485,106.51575,,,-0.6875,,-2.645125,95.45875,-2.666666667,,-4.84175,,105.449875,2017-02-21
2/22/2017,,-0.069875,106.201625,,,-3.1875,,-4.5935,91.591375,-6.0,,-7.542875,,104.242125,2017-02-22
2/23/2017,,-0.44675,96.279125,,,-4.0,,-5.976875,91.106625,-6.5,,-8.108625,,104.132875,2017-02-23
2/24/2017,,-0.13275,88.27725,,,-4.1875,,-5.976875,87.425125,-6.416666667,,-8.548375,,104.1875,2017-02-24
2/25/2017,,-0.823625,92.52325,,,-4.25,,-6.478625,92.741375,-7.583333333,,-8.48525,,104.297875,2017-02-25
2/26/2017,,-0.132875,103.89375,,,-3.25,,-4.59275,89.005625,-5.75,,-8.422375,,103.9115,2017-02-26
2/27/2017,,-2.20525,101.129875,,,-5.25,,-7.484125,96.4365,-8.75,,-9.61675,,102.285375,2017-02-27
2/28/2017,,-1.514375,102.135625,,,-4.6875,,-6.41575,95.2795,-8.166666667000001,,-9.302625,,101.986625,2017-02-28
3/1/2017,,0.4325,105.738,,,-1.125,,-1.765375,97.868625,-3.583333333,,-5.09275,,105.12375,2017-03-01
3/2/2017,,0.99725,106.1035,,,-0.125,,-1.576875,100.67399999999999,-3.166666667,,-4.46475,,105.286875,2017-03-02
3/3/2017,,1.185625,106.413125,,,0.125,,-1.011875,101.3705,-2.583333333,,-3.774125,,105.776375,2017-03-03
3/4/2017,,-0.634875,105.1605,,,-3.3125,,-5.724125,93.97925,-6.916666667,,-8.171,,102.731125,2017-03-04
3/5/2017,,-0.1955,105.579625,,,-3.6875,,-5.03225,97.299125,-6.666666667,,-8.170875,,102.784375,2017-03-05
3/6/2017,,-0.823625,104.694375,,,-4.1875,,-5.59825,94.50775,-7.333333333,,-8.988375,,101.31075,2017-03-06
3/7/2017,,-0.697875,105.05425,,,-3.25,,-4.843875,99.032125,-6.666666667,,-7.857,,103.798625,2017-03-07
3/8/2017,,-0.069875,105.9975,,,-3.375,,-4.529875,95.866375,-6.833333333,,-7.856875,,104.187875,2017-03-08
3/9/2017,,0.30675,106.257375,,,-0.6875,,-0.949125,99.996375,-2.75,,-3.5860000000000003,,105.77625,2017-03-09
3/10/2017,,1.625125,106.41325,,,1.5625,,0.9345,101.69375,-0.333333333,,-1.4509999999999998,,106.8615,2017-03-10
3/11/2017,,2.001875,106.361875,,,1.5,,0.997125,94.8755,-1.083333333,,-2.01575,,106.209625,2017-03-11
3/12/2017,,2.3515714290000003,106.4718571,,,2.0,,1.1320000000000001,102.12200000000001,-0.4,,-1.46,,105.67671429999999,2017-03-12
3/13/2017,,2.88075,106.516375,,,2.9375,,1.5625,102.852375,-0.166666667,,-0.5095,,106.860625,2017-03-13
3/14/2017,,3.4455,106.3105,,,4.75,,3.947,102.627125,2.416666667,,1.3730000000000002,,107.45275,2017-03-14
3/15/2017,,3.13175,106.51525,,,2.375,,1.75075,103.650625,0.75,,-0.32125,,107.77375,2017-03-15
3/16/2017,,2.252875,106.670875,,,-0.25,,-2.0795,100.363,-3.833333333,,-5.218375,,106.0485,2017-03-16
3/17/2017,,1.75075,107.079625,,,-0.5625,,-0.7609999999999999,84.737125,-3.583333333,,-4.5905,,100.8695,2017-03-17
3/18/2017,,2.503875,106.7725,,,1.375,,0.18075,101.995,-1.333333333,,-2.707625,,106.42475,2017-03-18
3/19/2017,,0.68375,107.079625,,,-1.75,,-2.897625,90.055625,-3.916666667,,-7.165875,,104.23200000000001,2017-03-19
3/20/2017,,1.248375,106.5145,,,-0.625,,-1.57925,76.14475,-1.6666666669999999,,-1.89075,,56.874875,2017-03-20
3/21/2017,,4.135375,105.16625,,,3.375,,2.504125,101.16975,1.083333333,,-0.07025,,106.529375,2017-03-21
3/22/2017,,4.009875,105.115125,,,1.875,,1.123,101.32375,-0.333333333,,-1.764875,,107.183625,2017-03-22
3/23/2017,,3.256875,104.634875,,,0.625,,-0.44675,97.07975,-2.416666667,,-4.088,,105.995875,2017-03-23
3/24/2017,,3.570875,103.63600000000001,,,0.8125,,0.181125,101.512,-1.4166666669999999,,-2.518375,,106.4285,2017-03-24
3/25/2017,,2.378625,104.695375,,,0.1875,,-0.509625,97.27525,-2.5,,-3.8369999999999997,,105.995875,2017-03-25
3/26/2017,,2.754625,104.85275,,,0.25,,-0.446875,97.345125,-2.416666667,,-3.58575,,106.10425,2017-03-26
3/27/2017,,3.821625,104.745625,,,1.1875,,0.369625,99.596375,-1.333333333,,-2.455375,,106.4295,2017-03-27
3/28/2017,,3.50825,105.219125,,,0.9375,,-0.13275,101.751375,-1.6666666669999999,,-2.83225,,106.211375,2017-03-28
3/29/2017,,4.135375,105.009875,,,1.875,,0.809125,102.9735,-0.75,,-1.3885,,107.18325,2017-03-29
3/30/2017,,2.880125,105.79175,,,1.0,,0.871,97.16675,0.0,,-2.267375,,105.601,2017-03-30
3/31/2017,,4.134375,101.12899999999999,,,1.75,,1.310625,91.904375,0.41666666700000005,,-1.639625,,102.64725,2017-03-31
4/1/2017,,5.076125,100.661875,,,2.625,,1.87625,96.493,-0.083333333,,-0.88625,,104.888875,2017-04-01
4/2/2017,,3.069,101.53525,,,0.125,,-0.94925,93.302375,-2.416666667,,-4.778875,,104.060375,2017-04-02
4/3/2017,,2.5660000000000003,93.78175,,,-0.25,,-1.453,82.743,-2.083333333,,-4.276625,,100.24,2017-04-03
4/4/2017,,4.19725,92.47,,,3.625,,2.7545,62.02875,0.0,,-3.2089999999999996,,99.648125,2017-04-04
4/5/2017,,5.577999999999999,99.4995,,,2.875,,1.06,103.313875,-0.25,,-1.07425,,106.3135,2017-04-05
4/6/2017,,5.452375,100.3925,,,2.5625,,1.311125,101.940125,0.0,,-0.8859999999999999,,105.76425,2017-04-06
4/7/2017,,5.327125,99.88675,,,2.3125,,1.625125,99.413,0.166666667,,-0.823375,,106.090375,2017-04-07
4/8/2017,,3.759,102.892375,,,0.625,,-0.7605,99.314875,-2.75,,-3.962375,,106.320375,2017-04-08
4/9/2017,,3.194,101.6835,,,0.125,,-0.572625,92.411,-3.25,,-4.465,,103.950375,2017-04-09
4/10/2017,,3.82175,97.015625,,,0.625,,-0.82325,95.738,-2.833333333,,-4.276375,,105.500625,2017-04-10
4/11/2017,,4.26,90.7135,,,0.6875,,1.372875,80.589875,-2.5,,-4.088,,104.104125,2017-04-11
4/12/2017,,5.70325,98.165375,,,3.3125,,1.876125,94.13325,-0.333333333,,-1.3255,,106.84575,2017-04-12
4/13/2017,,4.950625,102.408125,,,2.125,,0.43225,100.8525,-0.833333333,,-2.51825,,107.1835,2017-04-13
4/14/2017,,3.884375,101.236,,,0.75,,-0.321375,97.802,-2.583333333,,-3.962375,,106.536625,2017-04-14
4/15/2017,,3.005875,102.404875,,,0.875,,1.121125,92.10625,-2.083333333,,-3.522875,,106.5905,2017-04-15
4/16/2017,,5.20025,93.10925,,,3.5625,,1.6225,74.81175,-1.25,,-2.83225,,106.6445,2017-04-16
4/17/2017,,6.894875,95.632125,,,3.8125,,2.19025,96.721,0.666666667,,-0.5095,,107.987375,2017-04-17
4/18/2017,,6.142375,97.605375,,,2.9375,,1.43675,102.55125,0.916666667,,-0.94875,,107.93375,2017-04-18
4/19/2017,,5.577875,99.116,,,2.625,,2.315625,92.505,0.0,,-1.450875,,107.667125,2017-04-19
4/20/2017,,5.891625,100.38925,,,2.5,,2.126875,97.438375,0.0,,-1.38825,,107.613375,2017-04-20
4/21/2017,,6.89425,93.856875,,,4.75,,4.07075,80.540625,0.75,,-0.697875,,107.826625,2017-04-21
4/22/2017,,7.1455,94.63775,,,5.8125,,4.3855,76.172875,0.916666667,,-0.2585,,106.90625,2017-04-22
4/23/2017,,7.020375,94.198875,,,2.9375,,1.81325,99.470875,0.583333333,,-1.3880000000000001,,107.987875,2017-04-23
4/24/2017,,7.270625,88.71125,,,3.0,,3.318125,87.907125,0.166666667,,-1.57675,,107.719125,2017-04-24
4/25/2017,,8.149,86.959625,,,4.125,,2.94275,92.2175,0.833333333,,-1.0115,,108.25375,2017-04-25
4/26/2017,,5.89175,100.277625,,,2.4375,,2.001375,96.3115,0.166666667,,-1.890125,,107.772875,2017-04-26
4/27/2017,,3.696,100.326875,,,1.0625,,1.122375,94.467625,-1.166666667,,-3.083375,,107.130625,2017-04-27
4/28/2017,,5.891125,92.249625,,,2.125,,1.62425,95.837375,-0.41666666700000005,,-2.2045,,107.505125,2017-04-28
4/29/2017,,4.88775,97.153875,,,1.8,,0.80875,95.416375,-0.5,,-2.33,,107.559875,2017-04-29
4/30/2017,,5.766,97.27425,,,,,1.813125,95.99425,0.083333333,,-2.392625,,107.558375,2017-04-30
5/1/2017,,5.577875,96.772875,,,,,1.499125,96.143375,-0.25,,-2.20425,,107.451875,2017-05-01
5/2/2017,,7.897125,88.321375,,,,,4.071000000000001,86.267625,0.5,,-1.011875,,107.932625,2017-05-02
5/3/2017,,9.841375,98.445875,,,,,7.082999999999999,98.796375,4.833333333,,4.822375,,107.611625,2017-05-03
5/4/2017,,13.223625,90.56625,,,,,10.843625,75.21675,10.91666667,,10.714,,82.6425,2017-05-04
5/5/2017,,9.9665,98.838625,,,,,4.88775,101.396125,3.916666667,,3.316875,,105.51975,2017-05-05
5/6/2017,,5.515125,95.012375,,,,,0.99675,95.28275,-1.0,,-2.70675,,107.021875,2017-05-06
5/7/2017,,6.831125,79.151625,,,,,2.6275,82.997375,0.41666666700000005,,-1.63975,,105.881625,2017-05-07
5/8/2017,,7.772125,83.96425,,,,,3.381875,83.50225,2.416666667,,0.055125,,97.457375,2017-05-08
5/9/2017,,9.90275,82.70299999999999,,,,,6.202999999999999,79.884125,5.0,,3.881625,,92.537,2017-05-09
5/10/2017,,12.159125,81.361,,,,,7.70975,79.6035,7.0,,5.449375,,91.8,2017-05-10
5/11/2017,,9.527875,94.396125,,,,,4.448375,98.575375,3.666666667,,2.439,,106.13225,2017-05-11
5/12/2017,,5.38975,96.909125,,,,,0.809,96.88,-1.0,,-2.455375,,107.129375,2017-05-12
5/13/2017,,4.887875,95.28375,,,,,1.624375,93.553,-0.333333333,,-1.8905,,107.075875,2017-05-13
5/14/2017,,5.954,92.390375,,,,,2.816875,90.321125,0.666666667,,-1.3885,,106.09675,2017-05-14
5/15/2017,,5.76625,97.82799999999999,,,,,0.809,102.04225,-0.666666667,,-1.827375,,106.857625,2017-05-15
5/16/2017,,4.448875,100.72475,,,,,0.6205,99.044375,-1.166666667,,-2.016,,104.684875,2017-05-16
5/17/2017,,7.458625,93.755,,,,,2.629125,100.287375,1.5833333330000001,,0.7455,,105.186375,2017-05-17
5/18/2017,,10.780625,81.4695,,,,,5.45125,89.8685,3.416666667,,2.062875,,104.398,2017-05-18
5/19/2017,,10.8435,86.951375,,,,,5.765625,86.793375,6.0,,4.3835,,97.061375,2017-05-19
5/20/2017,,13.72425,76.79125,,,,,7.14475,86.23175,8.166666667000001,,6.891125,,88.38675,2017-05-20
5/21/2017,,15.28875,70.968,,,,,8.586375,73.810625,13.33333333,,11.5905,,58.79225,2017-05-21
5/22/2017,,16.79075,63.916375,,,,,9.7775,66.867625,14.83333333,,13.7825,,48.856875,2017-05-22
5/23/2017,,16.10325,60.266999999999996,,,,,11.28125,63.501000000000005,11.75,,10.462625,,62.42075,2017-05-23
5/24/2017,,8.148875,84.887875,,,,,2.5665,92.331125,0.75,,-0.9490000000000001,,101.93125,2017-05-24
5/25/2017,,11.092375,79.972875,,,,,5.95225,83.78475,6.5,,6.013125,,84.470875,2017-05-25
5/26/2017,,14.91275,68.71975,,,,,7.77175,76.647375,11.08333333,,10.0245,,64.88375,2017-05-26
5/27/2017,,16.790375,59.355,,,,,9.46375,67.389625,13.33333333,,12.655375,,51.529875,2017-05-27
5/28/2017,,18.668125,60.722375,,,,,10.78025,68.41325,15.83333333,,14.3465,,56.033625,2017-05-28
5/29/2017,,18.668125,58.51025,,,,,10.342,61.3605,16.91666667,,15.347625,,39.3035,2017-05-29
5/30/2017,,12.598375,84.872375,,,,,9.46525,76.40125,13.0,,12.1535,,68.858375,2017-05-30
5/31/2017,,11.78375,90.748375,,,,,6.769,96.7915,6.583333333,,5.700375,,103.708625,2017-05-31
6/1/2017,,11.909375,90.23075,,,,,6.6445,102.567875,5.916666667,,4.759875,,107.13,2017-06-01
6/2/2017,,11.094875,92.832125,,,,,5.8285,96.61775,5.083333333,,3.50575,,106.886875,2017-06-02
6/3/2017,,10.718625,90.12725,,,,,7.271125,88.585125,6.416666667,,5.19875,,98.11875,2017-06-03
6/4/2017,,11.407875,79.319875,,,,,5.389875,90.94025,3.416666667,,2.251125,,104.382625,2017-06-04
6/5/2017,,12.345,70.494375,,,,,6.390875,75.57375,7.25,,5.887375,,75.50425,2017-06-05
6/6/2017,,16.97875,61.073875,,,,,9.903125,63.152625,13.83333333,,12.154375,,47.021375,2017-06-06
6/7/2017,,18.73175,60.67325,,,,,10.968375,64.562375,16.08333333,,14.721625,,50.501125,2017-06-07
6/8/2017,,12.222375,89.440125,,,,,6.518625,98.421375,7.0,,5.699875,,101.404375,2017-06-08
6/9/2017,,8.901125,89.864375,,,,,4.511125,92.246875,2.5,,0.43175,,107.880875,2017-06-09
6/10/2017,,8.964,93.638875,,,,,3.758625,99.182375,2.583333333,,0.9965,,108.1475,2017-06-10
6/11/2017,,11.595875,85.568,,,,,4.448875,94.434875,5.333333333,,3.56825,,106.495125,2017-06-11
6/12/2017,,11.408,88.69475,,,,,4.51175,101.098125,5.666666667,,4.258125,,105.05725,2017-06-12
6/13/2017,,10.02975,88.424625,,,,,3.69625,102.99725,2.416666667,,1.122,,108.36025,2017-06-13
6/14/2017,,9.4025,89.360875,,,,,3.696,98.119375,1.75,,0.68275,,108.4635,2017-06-14
6/15/2017,,10.15475,91.503375,,,,,5.70325,98.35700000000001,4.083333333,,2.94125,,107.34225,2017-06-15
6/16/2017,,10.46825,93.316625,,,,,5.891625,101.731875,4.916666667,,3.81925,,108.094375,2017-06-16
6/17/2017,,10.217,87.659625,,,,,6.07925,89.698,4.333333333,,2.627625,,105.79775,2017-06-17
6/18/2017,,10.593625,91.318875,,,,,5.578125,103.257875,5.75,,4.697,,108.147,2017-06-18
6/19/2017,,13.600125,88.918625,,,,,8.399125,90.4755,12.0,,10.901875,,90.162125,2017-06-19
6/20/2017,,13.538125,89.993,,,,,7.521875,98.77,9.0,,8.33325,,99.196125,2017-06-20
6/21/2017,,12.5355,78.53925,,,,,5.515375,95.081125,5.416666667,,4.44625,,97.603875,2017-06-21
6/22/2017,,13.15975,73.2245,,,,,7.1435,79.365375,9.166666667000001,,6.953375,,78.2605,2017-06-22
6/23/2017,,16.29025,68.34,,,,,9.651625,71.4855,14.08333333,,11.903625,,59.6445,2017-06-23
6/24/2017,,19.668625,59.42075,,,,,11.469125,61.840375,19.75,,16.53675,,40.40425,2017-06-24
6/25/2017,,22.171,54.0125,,,,,13.975,55.5325,21.66666667,,19.602875,,35.361,2017-06-25
6/26/2017,,20.172375,53.907375,,,,,13.788,60.2255,15.08333333,,14.408875,,52.35525,2017-06-26
6/27/2017,,15.1655,70.0055,,,,,8.210625,81.8065,9.916666667000001,,8.834125,,81.297875,2017-06-27
6/28/2017,,14.977625,73.127,,,,,7.772,87.64725,9.25,,8.144875,,89.49675,2017-06-28
6/29/2017,,16.47925,77.18425,,,,,9.463625,84.001125,13.33333333,,11.966,,77.552875,2017-06-29
6/30/2017,,19.045,71.307875,,,,,11.907,74.68525,16.83333333,,14.9095,,61.4265,2017-06-30
7/1/2017,,17.732125,70.679625,,,,,11.1565,77.74575,13.0,,12.09225,,76.682125,2017-07-01
7/2/2017,,17.355999999999998,72.1895,,,,,10.591875,83.15899999999999,12.33333333,,11.4655,,84.448375,2017-07-02
7/3/2017,,15.66675,75.705125,,,,,9.590125,84.426125,9.416666667000001,,7.894125,,96.24825,2017-07-03
7/4/2017,,15.72775,73.49375,,,,,9.90175,76.932375,12.25,,11.402625,,67.4185,2017-07-04
7/5/2017,,18.731375,63.79475,,,,,12.282,61.343375,16.75,,15.723375,,35.628125,2017-07-05
7/6/2017,,20.1085,60.69625,,,,,14.225875,56.080125,18.33333333,,17.288125,,42.3925,2017-07-06
7/7/2017,,17.98275,69.626625,,,,,13.78725,66.46600000000001,15.83333333,,15.4105,,56.415375,2017-07-07
7/8/2017,,17.543375,74.229875,,,,,11.594625,79.294,14.75,,14.0955,,59.587125,2017-07-08
7/9/2017,,17.732375,73.819,,,,,10.905999999999999,86.07225,11.58333333,,10.27575,,94.38575,2017-07-09
7/10/2017,,16.418125,71.847,,,,,9.71525,87.309875,9.833333332999999,,8.709,,95.3335,2017-07-10
7/11/2017,,14.976875,71.197125,,,,,9.212875,82.549625,9.25,,8.583375,,87.20675,2017-07-11
7/12/2017,,16.480125,76.241125,,,,,11.532,83.493875,11.16666667,,9.398125,,93.411375,2017-07-12
7/13/2017,,15.604625,79.3115,,,,,10.34275,88.6305,9.5,,8.082375,,98.0905,2017-07-13
7/14/2017,,16.666875,75.9265,,,,,11.84375,71.162625,12.75,,11.402625,,69.320625,2017-07-14
7/15/2017,,16.48025,69.493,,,,,13.475125,65.628,11.16666667,,9.649,,78.1105,2017-07-15
7/16/2017,,14.790625,65.14175,,,,,7.39625,89.071,5.333333333,,3.7565,,104.54725,2017-07-16
7/17/2017,,15.1015,70.631625,,,,,9.776125,76.4875,10.41666667,,8.70775,,79.9385,2017-07-17
7/18/2017,,17.41825,67.989625,,,,,12.90875,69.5715,14.16666667,,13.031375,,64.513125,2017-07-18
7/19/2017,,16.917875,63.43675,,,,,12.47175,69.950125,12.5,,11.465625,,74.37425,2017-07-19
7/20/2017,,13.663625,84.567875,,,,,8.90125,93.47075,7.666666667,,6.452625,,102.695875,2017-07-20
7/21/2017,,14.1015,85.423625,,,,,9.777625,87.508,8.666666667000001,,6.8915,,99.6965,2017-07-21
7/22/2017,,15.917375,88.052375,,,,,12.285125,86.275,10.58333333,,9.523625,,99.73299999999999,2017-07-22
7/23/2017,,17.4825,82.2535,,,,,11.846125,92.31275,12.5,,10.964875,,101.51925,2017-07-23
7/24/2017,,17.2305,76.18825,,,,,12.532875,76.96300000000001,13.33333333,,12.279375,,75.3605,2017-07-24
7/25/2017,,19.232625,71.447375,,,,,13.911,73.96875,16.83333333,,15.034875,,66.784125,2017-07-25
7/26/2017,,19.295875,69.812,,,,,14.225125,74.868375,16.41666667,,14.78475,,73.219625,2017-07-26
7/27/2017,,17.357,75.7645,,,,,13.03625,81.635375,12.83333333,,11.403125,,86.966625,2017-07-27
7/28/2017,,16.98025,75.91125,,,,,12.220875,85.239875,12.91666667,,11.9665,,79.297375,2017-07-28
7/29/2017,,17.981375,69.219375,,,,,13.097125,79.646,13.83333333,,13.031125,,76.345625,2017-07-29
7/30/2017,,18.4825,65.9395,,,,,13.662375,73.580625,13.41666667,,11.65325,,81.096,2017-07-30
7/31/2017,,18.857,68.07025,,,,,14.161,74.633625,16.08333333,,14.658625,,60.705875,2017-07-31
8/1/2017,,20.421625,67.354125,,,,,16.852875,63.03225,20.58333333,,18.16375,,49.134375,2017-08-01
8/2/2017,,22.234375,56.8925,,,,,17.85475,54.0325,22.41666667,,19.66525,,37.786375,2017-08-02
8/3/2017,,22.985125,52.320625,,,,,19.169125,49.21525,24.25,,21.541999999999998,,32.779375,2017-08-03
8/4/2017,,19.484625,64.131875,,,,,15.47825,60.694125,20.5,,18.66475,,36.785625,2017-08-04
8/5/2017,,19.108375,69.204375,,,,,16.166,64.33375,20.41666667,,18.664625,,44.43975,2017-08-05
8/6/2017,,19.420625,70.415,,,,,16.22825,61.98725,21.0,,18.727125,,44.68,2017-08-06
8/7/2017,,20.859375,60.715125,,,,,16.916125,56.266000000000005,20.58333333,,18.727,,41.919,2017-08-07
8/8/2017,,20.984375,64.71925,,,,,17.85475,62.31575,22.0,,20.228375,,44.317,2017-08-08
8/9/2017,,22.0475,64.265875,,,,,18.668875,60.547875,23.41666667,,21.66675,,40.258125,2017-08-09
8/10/2017,,22.797625,58.957625,,,,,18.856875,57.184125,21.91666667,,20.72875,,40.706375,2017-08-10
8/11/2017,,22.423125,58.7575,,,,,19.107125,59.769625,22.08333333,,20.6035,,43.16875,2017-08-11
8/12/2017,,18.984125,71.118,,,,,14.790875,78.202375,14.66666667,,13.46975,,73.230125,2017-08-12
8/13/2017,,15.6045,81.30825,,,,,9.402875,98.946875,8.25,,6.7035,,105.554875,2017-08-13
8/14/2017,,14.602,74.78425,,,,,9.339625,86.9865,7.583333333,,5.825625,,105.319875,2017-08-14
8/15/2017,,15.164625,71.418375,,,,,10.2785,83.52825,12.25,,9.397875,,85.911125,2017-08-15
8/16/2017,,16.104375,69.99625,,,,,11.5325,82.198875,13.0,,9.71175,,85.732125,2017-08-16
8/17/2017,,17.544375,73.18775,,,,,12.91075,85.37425,13.33333333,,10.588125,,93.977,2017-08-17
8/18/2017,,15.79225,79.744875,,,,,11.47075,94.227875,10.0,,8.14525,,104.903125,2017-08-18
8/19/2017,,16.3555,74.3,,,,,11.094875,88.903125,9.083333332999999,,7.769,,100.534125,2017-08-19
8/20/2017,,16.16675,69.433875,,,,,11.344000000000001,83.146,11.66666667,,9.773875,,85.500625,2017-08-20
8/21/2017,,17.85625,68.272375,,,,,14.28725,74.97175,16.41666667,,14.3455,,61.068375,2017-08-21
8/22/2017,,20.48375,61.883,,,,,17.4805,61.74875,20.08333333,,17.038,,56.918625,2017-08-22
8/23/2017,,18.42075,72.52675,,,,,15.415999999999999,77.71325,15.5,,12.34275,,88.100125,2017-08-23
8/24/2017,,15.228625,73.26375,,,,,9.27725,88.9655,7.25,,6.201875,,100.931125,2017-08-24
8/25/2017,,14.28825,67.8375,,,,,9.651625,80.92699999999999,10.0,,7.830875,,84.32875,2017-08-25
8/26/2017,,17.041625,63.94025,,,,,13.660375,72.782,16.33333333,,13.71925,,64.843875,2017-08-26
8/27/2017,,20.045,60.230875,,,,,17.792125,62.30775,22.25,,18.789375,,48.572625,2017-08-27
8/28/2017,,21.48425,58.62275,,,,,19.60725,52.68175,22.75,,19.85325,,40.623375,2017-08-28
8/29/2017,,21.921875,49.396,,,,,20.921999999999997,36.81225,22.25,,19.85325,,32.4815,2017-08-29
8/30/2017,,17.607,72.376125,,,,,16.60625,61.973625,15.16666667,,13.5325,,71.166375,2017-08-30
8/31/2017,,18.233,75.723,,,,,13.788125,85.08275,12.0,,10.58875,,95.885125,2017-08-31
9/1/2017,,18.231625,67.450125,,,,,15.54025,70.102,17.0,,14.470875,,61.0265,2017-09-01
9/2/2017,,21.234125,62.244375,,,,,17.730375,70.24825,20.58333333,,17.788375,,66.097,2017-09-02
9/3/2017,,22.359625,53.44975,,,,,18.043,58.052625,21.83333333,,19.28975,,38.995,2017-09-03
9/4/2017,,21.609,50.42475,,,,,19.480999999999998,45.543625,24.91666667,,21.47925,,24.439125,2017-09-04
9/5/2017,,21.8615,52.787625,,,,,20.172125,46.712875,,,22.229875,,28.885875,2017-09-05
9/6/2017,,20.985625,59.4335,,,,,20.297,51.372,,,21.41675,,37.362375,2017-09-06
9/7/2017,,19.046625,74.314,,,,,16.66825,73.301875,,,16.975125,,59.96625,2017-09-07
9/8/2017,,16.856625,89.03025,,,,,13.538375,98.500875,,,11.27825,,101.474375,2017-09-08
9/9/2017,,13.537875,92.444625,,,,,9.08925,100.940125,,,6.327125,,106.156375,2017-09-09
9/10/2017,,12.284875,92.139,,,,,9.71575,86.16675,,,5.9510000000000005,,102.0925,2017-09-10
9/11/2017,,14.600999999999999,79.618625,,,,,14.3495,63.22875,,,12.96825,,59.2935,2017-09-11
9/12/2017,,15.165875,81.538,,,,,13.2245,70.822625,,,10.964875,,75.582625,2017-09-12
9/13/2017,,13.537625,79.0725,,,,,9.277000000000001,80.836375,,,6.82875,,84.94775,2017-09-13
9/14/2017,,12.91,62.67275,,,,,10.46725,49.23825,,,7.267375,,54.424,2017-09-14
9/15/2017,,13.22275,56.47125,,,,,9.651625,56.23425,,,8.70875,,47.644375,2017-09-15
9/16/2017,,13.411125,61.3925,,,,,10.467375,60.6525,,,8.019625,,61.76175,2017-09-16
9/17/2017,,11.28225,73.445125,,,,,8.14875,72.71575,,,5.198625,,77.916,2017-09-17
9/18/2017,,7.6475,93.3425,,,,,2.5669999999999997,103.14625,,,-0.2585,,105.65,2017-09-18
9/19/2017,,7.835625,94.2795,,,,,2.629375,102.31875,,,-0.133,,106.96925,2017-09-19
9/20/2017,,8.023375,90.94425,,,,,3.131125,102.071875,,,0.11800000000000001,,107.0225,2017-09-20
9/21/2017,,8.462375,92.119375,,,,,4.699375,92.78975,,,0.7455,,103.81075,2017-09-21
9/22/2017,,11.03175,79.619625,,,,,7.96,78.157625,,,3.44275,,90.923375,2017-09-22
9/23/2017,,12.284625,76.499625,,,,,7.71,83.15025,,,4.697,,90.35375,2017-09-23
9/24/2017,,11.845999999999998,83.091625,,,,,7.771875,91.21325,,,6.577875,,91.281375,2017-09-24
9/25/2017,,12.097375,90.6605,,,,,8.9015,97.679375,,,5.8885,,105.559625,2017-09-25
9/26/2017,,12.597999999999999,87.695625,,,,,9.463875,90.3005,,,8.332625,,96.6445,2017-09-26
9/27/2017,,14.288375,81.185625,,,,,12.90925,74.33875,,,12.7562,,63.1474,2017-09-27
9/28/2017,,15.605,76.03,,,17.0,,10.969000000000001,76.94625,,,13.90825,,54.563125,2017-09-28
9/29/2017,,12.661,87.43775,12.0,,12.08333333,,9.652999999999999,88.9015,,,7.89375,,90.38525,2017-09-29
9/30/2017,,8.4625,93.22375,7.75,,4.833333333,,3.445375,103.194125,,,0.871,,106.7525,2017-09-30
10/1/2017,,7.522,94.50875,6.5,,4.083333333,,2.81775,103.6485,,,0.2435,,107.129875,2017-10-01
10/2/2017,,7.5845,91.9115,6.083333333,,4.916666667,,4.135125,83.396125,,,1.184625,,89.13125,2017-10-02
10/3/2017,,7.333125,86.34725,6.083333333,,7.083333333,,5.451125,76.021875,,,5.82525,,65.788125,2017-10-03
10/4/2017,,7.771875,84.833625,6.916666667,,8.916666667000001,,6.015625,73.461125,,,8.270375,,47.4065,2017-10-04
10/5/2017,,8.398625,82.9715,7.583333333,,9.666666667000001,,7.708375,69.954125,,,9.398375,,45.403375,2017-10-05
10/6/2017,,7.584875,91.1265,6.166666667,,7.25,,6.07975,81.72625,,,3.25475,,88.281,2017-10-06
10/7/2017,,7.2715,95.61225,6.333333333,,3.333333333,,1.8135,102.90625,,,-0.82325,,104.73275,2017-10-07
10/8/2017,,6.518875,95.708875,5.333333333,,3.166666667,,2.4405,99.607125,,,0.18075,,101.25225,2017-10-08
10/9/2017,,6.518375,93.376125,5.5,,4.75,,4.259625,84.937875,,,2.0,,87.60475,2017-10-09
10/10/2017,,5.38975,96.699625,4.416666667,,4.416666667,,4.25975,80.37525,,,1.12125,,88.1505,2017-10-10
10/11/2017,,3.947,95.758375,2.583333333,,0.25,,-0.258375,100.242125,,,-3.6485,,104.739625,2017-10-11
10/12/2017,,4.260875,96.467375,3.166666667,,0.666666667,,-0.258375,101.50200000000001,,,-3.460125,,104.904,2017-10-12
10/13/2017,,3.194,96.8105,2.75,,0.41666666700000005,,-0.886125,102.093875,,,-3.27175,,105.0135,2017-10-13
10/14/2017,,3.94675,96.867,2.916666667,,0.583333333,,-0.572625,100.455375,,,-2.958,,105.3385,2017-10-14
10/15/2017,,6.894625,94.97175,6.333333333,,5.916666667,,5.5775,96.44075,,,3.8819999999999997,,101.267875,2017-10-15
10/16/2017,,7.89825,95.1505,7.75,,7.333333333,,6.079875,92.2035,,,2.753,,102.159375,2017-10-16
10/17/2017,,8.274375,97.15475,7.916666667,,5.166666667,,4.135,98.960375,,,1.121375,,106.59,2017-10-17
10/18/2017,,6.14225,96.811125,5.666666667,,3.916666667,,2.87975,96.773,,,0.054375,,105.270875,2017-10-18
10/19/2017,,7.710125,97.83325,6.833333333,,4.333333333,,2.880375,104.50425,,,0.55725,,107.39875,2017-10-19
10/20/2017,,5.703375,99.066625,4.5,,1.4166666669999999,,0.307,105.678375,,,-2.1415,,106.806625,2017-10-20
10/21/2017,,4.7,98.899125,3.916666667,,1.5833333330000001,,0.1185,105.512,,,-2.078875,,106.752375,2017-10-21
10/22/2017,,7.39675,98.34,6.666666667,,4.0,,2.503875,99.787625,,,0.05525,,104.761125,2017-10-22
10/23/2017,,6.957375,97.816375,5.666666667,,3.833333333,,3.444625,94.768625,,,0.808125,,100.3645,2017-10-23
10/24/2017,,7.271,94.913,6.75,,8.75,,7.270125,80.54975,,,8.270375,,72.7005,2017-10-24
10/25/2017,,7.6475,95.666875,6.916666667,,8.25,,6.455875,91.235,,,5.700125,,92.138125,2017-10-25
10/26/2017,,7.082999999999999,96.75025,6.333333333,,5.75,,3.883375,92.22725,,,5.7625,,70.708875,2017-10-26
10/27/2017,,8.02325,94.140625,8.333333332999999,,14.83333333,,9.463625,66.6725,,,14.221125,,36.794125,2017-10-27
10/28/2017,,9.08925,91.978125,9.833333332999999,,14.41666667,,10.5925,67.208625,,,13.72025,,46.505375,2017-10-28
10/29/2017,,9.089,84.6465,9.25,,10.16666667,,8.1485,61.30625,,,6.828375,,56.381375,2017-10-29
10/30/2017,,5.389625,89.563625,6.75,,6.166666667,,4.322125,57.398,,,4.508625,,36.967375,2017-10-30
10/31/2017,,4.824875,92.853,4.166666667,,6.666666667,,5.452375,57.29725,,,5.38675,,51.373375,2017-10-31
11/1/2017,,6.08,94.90675,5.916666667,,3.5,,1.625,94.64075,,,-0.94875,,97.6635,2017-11-01
11/2/2017,,3.57025,94.678625,2.916666667,,0.166666667,,-0.76075,103.883125,,,-3.522875,,105.286125,2017-11-02
11/3/2017,,-0.949125,99.33925,-1.75,,-3.583333333,,-5.1579999999999995,101.97975,,,-6.725875,,103.9115,2017-11-03
11/4/2017,,-1.577,100.66775,-1.75,,-3.75,,-4.9065,102.09675,,,-7.919625,,103.413,2017-11-04
11/5/2017,,-1.004777778,99.95855556,-2.0,,-4.428571429,,-6.087000000000001,99.21266667,,,-8.981111111,,103.1093333,2017-11-05
11/6/2017,,-1.3885,100.226625,-2.166666667,,-4.5,,-5.41025,95.18425,,,-7.85675,,103.35775,2017-11-06
11/7/2017,,-0.384,98.998375,-1.0,,-2.333333333,,-2.896625,87.035625,,,-4.59125,,85.36875,2017-11-07
11/8/2017,,2.44125,96.523375,2.166666667,,2.333333333,,2.127375,89.46475,,,0.18075,,85.700875,2017-11-08
11/9/2017,,3.32,95.95700000000001,2.75,,1.6666666669999999,,0.87175,100.29975,,,-1.38825,,103.350375,2017-11-09
11/10/2017,,2.755125,96.009875,1.6666666669999999,,1.083333333,,0.6835,100.95700000000001,,,-1.451125,,105.449875,2017-11-10
11/11/2017,,3.444625,94.156,3.0,,2.0,,1.122875,99.91825,,,-1.890375,,105.88600000000001,2017-11-11
11/12/2017,,5.26425,94.338,4.0,,1.5,,0.997375,105.34425,,,-0.8859999999999999,,106.42975,2017-11-12
11/13/2017,,4.198,96.06875,2.916666667,,0.75,,-0.1955,104.667625,,,-2.769375,,106.26675,2017-11-13
11/14/2017,,2.88075,97.72200000000001,1.5833333330000001,,0.0,,-0.63525,105.23275,,,-3.1460000000000004,,105.7785,2017-11-14
11/15/2017,,3.1945,97.945875,1.8333333330000001,,-0.083333333,,-0.886125,104.3865,,,-3.397375,,106.103375,2017-11-15
11/16/2017,,2.817875,97.833625,1.5,,-0.583333333,,-1.702625,104.495,,,-4.402,,105.3415,2017-11-16
11/17/2017,,1.687875,97.323625,0.75,,-1.083333333,,-2.39325,103.63975,,,-5.281125,,105.232125,2017-11-17
11/18/2017,,3.006125,95.932375,1.6666666669999999,,0.0,,-0.949125,104.950875,,,-3.52275,,105.723875,2017-11-18
11/19/2017,,2.880625,94.449875,2.166666667,,-0.083333333,,-1.3885,105.342625,,,-3.962375,,105.55875,2017-11-19
11/20/2017,,3.445375,97.15525,2.5,,0.333333333,,-0.195375,105.618375,,,-2.016125,,106.482375,2017-11-20
11/21/2017,,4.824875,96.575875,4.833333333,,4.0,,3.50675,99.686125,,,1.183,,106.372125,2017-11-21
11/22/2017,,9.40275,95.308875,9.083333332999999,,8.833333332999999,,7.8355,105.289125,,,6.39,,106.374375,2017-11-22
11/23/2017,,6.89475,97.152125,6.0,,2.833333333,,1.876,106.841125,,,-0.258875,,107.45200000000001,2017-11-23
11/24/2017,,4.825125,97.49475,3.833333333,,0.666666667,,-0.1955,105.9555,,,-2.6439999999999997,,107.3975,2017-11-24
11/25/2017,,5.389875,96.6385,4.416666667,,2.333333333,,0.934625,104.03475,,,-1.451125,,106.913375,2017-11-25
11/26/2017,,5.702999999999999,94.27725,5.25,,3.25,,2.0635,105.510125,,,-0.573625,,106.913375,2017-11-26
11/27/2017,,2.6925,95.323,1.5,,-0.833333333,,-1.953875,103.32425,,,-5.155375,,105.77775,2017-11-27
11/28/2017,,2.69225,95.2065,1.4166666669999999,,-0.333333333,,-1.7025,105.008375,,,-4.088,,106.42875,2017-11-28
11/29/2017,,2.75525,96.07175,1.5,,-0.25,,-1.388625,104.774,,,-4.087875,,106.266625,2017-11-29
11/30/2017,,3.38275,96.07125,2.5,,0.083333333,,-0.88625,104.999625,,,-3.52275,,106.37275,2017-11-30
12/1/2017,,2.315875,97.15275,1.333333333,,-0.5,,-1.828125,105.3975,,,-4.401875,,106.049625,2017-12-01
12/2/2017,,1.43675,97.665125,0.583333333,,-0.916666667,,-1.95375,105.276875,,,-4.59025,,105.9415,2017-12-02
12/3/2017,,0.99725,98.058375,0.583333333,,-1.75,,-3.022,102.999375,,,-5.97225,,105.55925,2017-12-03
12/4/2017,,0.369625,98.283875,-0.083333333,,-3.083333333,,-5.409625,102.661375,,,-6.726125,,105.341625,2017-12-04
12/5/2017,,-0.007125,94.0795,-0.5,,-0.833333333,,-1.893,99.10925,,,-1.4509999999999998,,107.34475,2017-12-05
12/6/2017,,1.311125,92.16275,0.583333333,,3.75,,0.24325,94.657625,,,0.87075,,89.991,2017-12-06
12/7/2017,,1.4995,95.460125,0.25,,7.666666667,,4.322625,68.471125,,,8.3955,,28.84225,2017-12-07
12/8/2017,,1.2485,96.780625,0.166666667,,7.583333333,,5.70325,41.4145,,,7.8945,,16.876375,2017-12-08
12/9/2017,,1.2485,96.038875,0.833333333,,9.666666667000001,,8.4625,30.484625,,,7.7065,,21.6945,2017-12-09
12/10/2017,,2.064875,98.1005,1.9166666669999999,,9.583333332999999,,5.138875,52.155625,,,9.460875,,16.5985,2017-12-10
12/11/2017,,1.123,97.6605,1.0,,9.0,,6.957625,38.714625,,,9.83625,,16.388875,2017-12-11
12/12/2017,,2.06475,98.324375,1.4166666669999999,,4.5,,2.88,69.71775,,,2.125875,,65.2985,2017-12-12
12/13/2017,,2.002,97.410625,2.166666667,,4.333333333,,1.8755,78.20775,,,2.376375,,67.647125,2017-12-13
12/14/2017,,1.750625,97.589375,1.4166666669999999,,5.166666667,,3.4445,67.647375,,,5.763,,45.43025,2017-12-14
12/15/2017,,2.566875,93.7985,1.4166666669999999,,0.41666666700000005,,-0.258375,97.13525,,,-3.02075,,100.357875,2017-12-15
12/16/2017,,1.6880000000000002,96.01375,0.833333333,,-1.083333333,,-2.393375,102.56075,,,-5.343999999999999,,104.24375,2017-12-16
12/17/2017,,2.504125,95.72425,1.4166666669999999,,0.0,,-0.948875,104.2785,,,-3.0835,,105.504875,2017-12-17
12/18/2017,,2.566625,96.5855,1.25,,-0.25,,-1.388625,103.45975,,,-3.774125,,105.77525,2017-12-18
12/19/2017,,0.997375,98.395125,0.5,,-1.083333333,,-2.268125,104.95299999999999,,,-4.590625,,105.286375,2017-12-19
12/20/2017,,-1.576875,95.579125,-2.25,,-5.583333333,,-7.672999999999999,93.8585,,,-9.36525,,103.46875,2017-12-20
12/21/2017,,-1.51425,95.6375,-2.083333333,,-4.5,,-6.41525,95.411875,,,-7.668625,,101.550125,2017-12-21
12/22/2017,,-1.8285,97.29025,-2.75,,-5.666666667,,-8.238999999999999,100.581125,,,-10.182875,,102.444625,2017-12-22
12/23/2017,,-5.22075,104.2145,-6.25,,-9.5,,-12.95675,86.081125,,,-10.183125,,62.264875,2017-12-23
12/24/2017,,-3.147375,102.149625,-4.166666667,,-5.166666667,,-7.04425,86.921125,,,-4.841875,,48.264125,2017-12-24
12/25/2017,,-2.456125,101.742375,-2.333333333,,-4.25,,-5.095,101.807375,,,-7.417000000000001,,103.411375,2017-12-25
12/26/2017,,-1.388625,99.002625,-2.083333333,,-4.416666667,,-5.3465,99.71425,,,-8.736375,,102.91125,2017-12-26
12/27/2017,,-0.572125,96.212,-1.5,,-3.75,,-4.341,101.372625,,,-6.726,,103.911,2017-12-27
12/28/2017,,0.5579999999999999,94.62575,0.333333333,,-0.41666666700000005,,-1.137375,104.4475,,,-2.95775,,105.612125,2017-12-28
12/29/2017,,1.311125,97.154875,1.0,,0.583333333,,0.181375,105.846125,,,-1.827625,,106.5375,2017-12-29
12/30/2017,,0.809,98.564,0.5,,-1.5833333330000001,,-2.833375,103.017875,,,-5.406875,,105.068375,2017-12-30
12/31/2017,,-0.88625,95.252125,-1.9166666669999999,,-3.5,,-5.5985,93.436875,,,-4.967375,,85.95725,2017-12-31
1/1/2018,,-0.4465,96.96075,-2.083333333,,-1.333333333,,-2.582375,81.124375,,,0.807875,,58.0075,2018-01-01
1/2/2018,,1.123,93.50925,0.083333333,,3.833333333,,4.134875,79.582375,,,5.700375,,61.978625,2018-01-02
1/3/2018,,1.499375,92.66325,0.666666667,,6.25,,2.69175,77.758,,,5.3870000000000005,,61.8435,2018-01-03
1/4/2018,,2.252875,90.59475,2.083333333,,6.25,,5.076125,80.614125,,,4.132625,,79.6875,2018-01-04
1/5/2018,,3.696375,92.1435,4.25,,4.333333333,,3.5705,104.615625,,,1.56125,,106.806625,2018-01-05
1/6/2018,,2.818,96.128375,2.083333333,,0.583333333,,-0.383875,105.226625,,,-3.020875,,106.158125,2018-01-06
1/7/2018,,2.064625,97.77475,1.8333333330000001,,0.166666667,,-1.0745,104.783625,,,-3.58575,,105.669,2018-01-07
1/8/2018,,2.943375,97.49525,2.666666667,,1.6666666669999999,,0.62075,103.156,,,-1.953125,,106.5915,2018-01-08
1/9/2018,,2.818,98.5635,1.5833333330000001,,-0.083333333,,-0.760625,104.435,,,-3.3345,,106.104125,2018-01-09
1/10/2018,,1.562375,99.51075,0.583333333,,-1.5,,-3.084375,102.78625,,,-6.097625,,104.849375,2018-01-10
1/11/2018,,1.68775,99.345,1.0,,-0.5,,-0.572125,104.99975,,,-2.7695,,106.42875,2018-01-11
1/12/2018,,3.445375,97.492,2.916666667,,1.4166666669999999,,0.74625,105.900375,,,-1.38825,,107.238125,2018-01-12
1/13/2018,,4.3235,96.642875,3.666666667,,3.583333333,,2.566625,103.189375,,,0.9335,,107.021125,2018-01-13
1/14/2018,,4.009875,96.242875,3.666666667,,9.833333332999999,,7.33325,69.767,,,9.02225,,52.83925,2018-01-14
1/15/2018,,5.0135,89.521,4.0,,9.0,,7.145625,62.831875,,,6.01375,,59.961125,2018-01-15
1/16/2018,,4.82525,85.43799999999999,4.083333333,,1.6666666669999999,,0.683375,103.14425,,,-1.8905,,105.941,2018-01-16
1/17/2018,,5.139125,85.246625,4.5,,2.333333333,,1.75075,98.379375,,,-1.074625,,105.69975,2018-01-17
1/18/2018,,3.257125,92.042625,1.75,,-0.166666667,,-1.3885,104.61425,,,-4.213625,,105.669125,2018-01-18
1/19/2018,,2.1275,91.8015,0.916666667,,-1.0,,-2.0165,104.214,,,-4.967125,,105.450875,2018-01-19
1/20/2018,,1.939125,92.576375,1.0,,-0.833333333,,-2.204875,103.929625,,,-5.029875,,105.340875,2018-01-20
1/21/2018,,2.504125,92.75075,1.083333333,,-0.166666667,,-1.514125,104.276125,,,-4.150875,,105.669,2018-01-21
1/22/2018,,0.809,96.41375,0.5,,-1.333333333,,-2.7075,103.70625,,,-5.40675,,105.23275,2018-01-22
1/23/2018,,1.374125,96.870375,0.5,,-0.833333333,,-1.7655,103.921125,,,-4.339375,,105.777,2018-01-23
1/24/2018,,2.818,95.319875,1.9166666669999999,,0.166666667,,-0.383875,105.22975,,,-2.95775,,106.267125,2018-01-24
1/25/2018,,0.74625,96.700625,0.5,,-2.333333333,,-3.71275,102.95075,,,-6.5375,,104.849375,2018-01-25
1/26/2018,,0.5579999999999999,97.0995,0.166666667,,-2.5,,-3.838375,104.09925,,,-6.663125,,104.959125,2018-01-26
1/27/2018,,1.1855,96.70025,0.583333333,,-0.583333333,,-1.70275,103.993,,,-4.276375,,105.286,2018-01-27
1/28/2018,,2.56675,95.72075,2.333333333,,1.6666666669999999,,0.997375,105.901625,,,-1.20025,,106.751875,2018-01-28
1/29/2018,,4.07225,94.503625,3.333333333,,1.6666666669999999,,0.495125,105.733875,,,-1.6395,,107.075375,2018-01-29
1/30/2018,,0.809,97.496125,0.5,,-2.0,,-3.335875,103.47725,,,-6.03475,,105.45100000000001,2018-01-30
1/31/2018,,0.62075,97.268625,0.41666666700000005,,-1.8333333330000001,,-3.33575,103.928125,,,-6.223125,,105.287375,2018-01-31
2/1/2018,,1.31125,96.471625,0.666666667,,-0.5,,-1.38875,104.4385,,,-4.150875,,105.940375,2018-02-01
2/2/2018,,2.69225,94.0975,2.0,,1.4166666669999999,,0.997375,105.500125,,,-0.886125,,107.23700000000001,2018-02-02
2/3/2018,,3.571,92.636375,2.583333333,,1.5,,1.06,106.5105,,,-0.94875,,107.076125,2018-02-03
2/4/2018,,4.57425,90.48575,3.416666667,,2.0,,1.248375,106.122625,,,-0.07025,,107.773875,2018-02-04
2/5/2018,,4.323625,90.7275,2.833333333,,0.41666666700000005,,-0.132625,107.44675,,,-2.20425,,106.8075,2018-02-05
2/6/2018,,4.072625,90.242375,2.75,,0.41666666700000005,,-0.57225,106.17399999999999,,,-2.83225,,106.32075,2018-02-06
2/7/2018,,4.574375,88.35575,3.166666667,,2.25,,1.060125,105.9545,,,-0.133,,107.826625,2018-02-07
2/8/2018,,5.2645,85.819125,4.25,,1.9166666669999999,,0.809,106.121375,,,-1.325875,,107.236,2018-02-08
2/9/2018,,1.499625,89.937375,0.833333333,,-1.4166666669999999,,-2.70775,105.100875,,,-5.34425,,105.66825,2018-02-09
2/10/2018,,-1.011625,76.171125,-2.0,,-4.75,,-6.730875,92.8275,,,-7.731375,,100.0405,2018-02-10
2/11/2018,,-1.2,77.258,-1.9166666669999999,,-5.0,,-5.7245,77.820625,,,-8.674125,,95.845625,2018-02-11
2/12/2018,,-2.267875,93.787,-2.916666667,,-5.666666667,,-6.35325,69.2535,,,-8.6745,,92.101,2018-02-12
2/13/2018,,-0.509625,94.198,-1.083333333,,-1.6666666669999999,,-3.9019999999999997,69.11675,,,-7.47975,,94.767625,2018-02-13
2/14/2018,,0.307,78.4825,-0.083333333,,-2.166666667,,-3.65,101.874125,,,-6.41175,,104.288625,2018-02-14
2/15/2018,,0.05575,78.636125,-0.25,,-3.166666667,,-5.03275,99.377375,,,-7.479625,,104.24025,2018-02-15
2/16/2018,,0.49525,82.46125,0.25,,-1.9166666669999999,,-3.084625,102.15425,,,-6.09775,,105.177375,2018-02-16
2/17/2018,,0.5579999999999999,84.690875,0.5,,-1.9166666669999999,,-3.021625,105.455,,,-5.59525,,105.668625,2018-02-17
2/18/2018,,-3.838875,94.45525,-5.666666667,,-8.75,,-10.314125,101.112625,,,-14.0185,,102.57275,2018-02-18
2/19/2018,,-7.106875,102.545,-8.833333332999999,,-11.75,,-13.208625,93.852375,,,-15.590875,,102.180375,2018-02-19
2/20/2018,,-6.16425,100.762875,-7.416666667,,-9.916666667000001,,-11.44725,91.588375,,,-13.955375,,102.459875,2018-02-20
2/21/2018,,-6.541125,101.146625,-8.0,,-10.08333333,,-13.334625,90.06475,,,-14.3955,,102.574875,2018-02-21
2/22/2018,,-6.54125,101.388875,-8.416666667000001,,-10.08333333,,-11.824000000000002,82.632625,,,-14.20675,,102.57425,2018-02-22
2/23/2018,,-5.84975,95.361625,-7.0,,-8.25,,-10.628625,93.698,,,-12.634625,,102.855375,2018-02-23
2/24/2018,,-1.4515,75.800125,-2.0,,-3.833333333,,-4.96975,104.053,,,-8.045375,,104.51899999999999,2018-02-24
2/25/2018,,-0.383875,71.65975,-1.25,,-3.666666667,,-5.409625,102.843625,,,-8.234,,104.574125,2018-02-25
2/26/2018,,-0.88625,73.69425,-1.5,,-4.5,,-6.226875,101.22125,,,-8.92525,,104.354,2018-02-26
2/27/2018,,-0.132625,70.61025,-0.833333333,,-3.0,,-4.466625,101.878125,,,-7.291375,,104.9045,2018-02-27
2/28/2018,,0.5579999999999999,73.893,0.0,,-1.9166666669999999,,-3.273,103.022125,,,-6.1605,,105.12275,2018-02-28
3/1/2018,,0.809,80.0635,0.41666666700000005,,-1.75,,-3.901625,99.76700000000001,,,-5.532375,,105.2325,2018-03-01
3/2/2018,,0.181375,81.62425,-0.833333333,,-3.166666667,,-5.09525,100.609875,,,-6.97725,,105.068125,2018-03-02
3/3/2018,,0.05575,73.52825,-0.166666667,,-2.166666667,,-3.776375,96.813875,,,-5.97225,,105.3385,2018-03-03
3/4/2018,,0.558125,70.43,0.25,,-2.5,,-3.147125,100.363375,,,-6.160625,,105.178375,2018-03-04
3/5/2018,,0.6835,74.15875,0.166666667,,-2.666666667,,-3.77575,99.21799999999999,,,-6.851625,,105.014,2018-03-05
3/6/2018,,0.3695,71.609625,-0.41666666700000005,,-3.083333333,,-4.02775,90.185,,,-6.411875,,104.958625,2018-03-06
3/7/2018,,0.181125,78.78675,-0.333333333,,-0.5,,1.37275,63.298125,,,-3.711375,,100.899375,2018-03-07
3/8/2018,,1.939,71.274625,1.4166666669999999,,0.5,,0.43225,102.668875,,,-2.141625,,106.80625,2018-03-08
3/9/2018,,0.74625,78.86625,0.5,,-1.9166666669999999,,-2.896625,99.16799999999999,,,-6.09775,,105.395875,2018-03-09
3/10/2018,,0.683375,70.081875,0.083333333,,-0.833333333,,-1.8305,88.2165,,,-4.151375,,100.596125,2018-03-10
3/11/2018,,1.921,71.61514286,2.0,,4.2,,1.847285714,79.94371429,,,-0.527714286,,98.26814286,2018-03-11
3/12/2018,,3.2565,90.824875,3.25,,6.75,,4.6985,65.285125,,,0.9965,,93.954875,2018-03-12
3/13/2018,,3.319875,89.680375,3.666666667,,5.916666667,,4.26025,76.058875,,,0.80825,,96.82525,2018-03-13
3/14/2018,,2.19025,75.885375,1.9166666669999999,,0.666666667,,-0.321,102.963,,,-2.643875,,105.55,2018-03-14
3/15/2018,,1.248375,72.95525,0.916666667,,-0.666666667,,-2.77175,91.23225,,,-4.151125,,98.559125,2018-03-15
3/16/2018,,1.93875,70.663875,2.166666667,,1.8333333330000001,,-0.51125,83.46325,,,-2.2045,,94.8155,2018-03-16
3/17/2018,,2.377375,78.986375,1.5,,0.666666667,,-0.260125,83.727625,,,-2.078875,,98.336125,2018-03-17
3/18/2018,,2.81725,74.149375,2.0,,0.41666666700000005,,-0.32125,100.57475,,,-2.5185,,103.6955,2018-03-18
3/19/2018,,2.19,71.918125,2.0,,0.25,,-0.697875,99.005,,,-3.58575,,103.665125,2018-03-19
3/20/2018,,2.5665,78.487,2.5,,0.833333333,,-0.258375,95.1415,,,-3.6485,,104.18025,2018-03-20
3/21/2018,,3.444625,82.387125,3.333333333,,3.333333333,,2.88,71.76425,,,-2.016125,,99.146875,2018-03-21
3/22/2018,,2.754875,73.00275,2.166666667,,1.166666667,,0.243375,95.523375,,,-2.707,,104.84175,2018-03-22
3/23/2018,,0.5579999999999999,78.293125,0.25,,-2.5,,-4.026875,98.68475,,,-7.228625,,104.629625,2018-03-23
3/24/2018,,0.432375,72.633125,-0.083333333,,-2.666666667,,-4.404375,96.66075,,,-6.789,,102.835,2018-03-24
3/25/2018,,-0.00725,70.87625,-1.0,,-3.083333333,,-5.410625,94.66425,,,-6.914625,,101.463875,2018-03-25
3/26/2018,,1.122875,65.234375,0.666666667,,-1.083333333,,-2.267875,101.065625,,,-4.904625,,104.843125,2018-03-26
3/27/2018,,2.3155,74.33825,1.333333333,,0.333333333,,-0.321125,102.667125,,,-2.64375,,105.392375,2018-03-27
3/28/2018,,3.2569999999999997,75.33675,2.083333333,,0.333333333,,-0.509625,99.361,,,-3.14625,,102.979375,2018-03-28
3/29/2018,,2.880375,54.390625,1.9166666669999999,,0.166666667,,-0.8235,100.5405,,,-3.6485,,104.289875,2018-03-29
3/30/2018,,4.26075,59.278125,3.333333333,,0.916666667,,1.185375,99.67425,,,-2.141625,,104.546375,2018-03-30
3/31/2018,,3.4445,70.48425,2.25,,1.0,,0.05425,86.274625,,,-3.083625,,97.825125,2018-03-31
4/1/2018,,1.37425,67.7515,0.75,,-0.75,,-1.89125,97.534375,,,-5.34425,,105.33625,2018-04-01
4/2/2018,,0.43225,66.544375,-0.25,,-2.666666667,,-3.83875,95.266875,,,-7.354375,,104.682375,2018-04-02
4/3/2018,,1.06025,71.59025,0.833333333,,-1.5,,-2.7705,97.49725,,,-6.348875,,105.014,2018-04-03
4/4/2018,,2.19,67.57775,1.8333333330000001,,-0.25,,-0.823625,95.746125,,,-4.3395,,105.5025,2018-04-04
4/5/2018,,4.13525,65.743,3.75,,2.416666667,,1.436875,103.256625,,,-0.94875,,106.80675,2018-04-05
4/6/2018,,6.20475,59.302875,5.583333333,,4.416666667,,3.695875,102.64475,,,0.871,,106.748875,2018-04-06
4/7/2018,,5.4525,47.4635,4.166666667,,3.25,,2.2525,99.0875,,,-0.133125,,104.3325,2018-04-07
4/8/2018,,5.4525,50.358875,4.416666667,,2.166666667,,0.997375,102.583,,,-1.82775,,106.699125,2018-04-08
4/9/2018,,6.26775,59.81575,5.083333333,,4.083333333,,3.444375,88.05225,,,-0.635375,,101.99525,2018-04-09
4/10/2018,,5.8915,54.693125,4.666666667,,4.833333333,,4.197875,83.331875,,,1.058875,,96.173375,2018-04-10
4/11/2018,,5.0135,55.7915,3.916666667,,1.8333333330000001,,0.934375,97.001875,,,-2.580875,,106.69925,2018-04-11
4/12/2018,,3.44525,61.1665,2.25,,-0.083333333,,-1.13775,100.14225,,,-3.8369999999999997,,105.4505,2018-04-12
4/13/2018,,3.947,48.287625,2.583333333,,0.333333333,,-0.697875,103.42625,,,-3.083375,,106.1045,2018-04-13
4/14/2018,,4.511625,53.32975,3.416666667,,1.0,,0.62075,104.086125,,,-1.764875,,105.554375,2018-04-14
4/15/2018,,4.574,63.55975,3.0,,1.5833333330000001,,1.248125,101.12825,,,-1.57675,,104.880875,2018-04-15
4/16/2018,,4.197875,53.24625,3.333333333,,0.666666667,,-0.572375,103.179375,,,-2.895,,104.82025,2018-04-16
4/17/2018,,3.194,59.076375,2.166666667,,0.083333333,,-0.6355,98.552875,,,-4.02525,,103.7155,2018-04-17
4/18/2018,,4.511375,58.74,3.0,,1.25,,0.117625,93.63575,,,-3.2089999999999996,,102.59525,2018-04-18
4/19/2018,,5.075125,71.461125,3.666666667,,3.416666667,,1.74875,84.230875,,,-1.074625,,102.543125,2018-04-19
4/20/2018,,6.51825,81.211875,5.166666667,,4.0,,2.62875,81.88725,,,-1.70225,,103.5625,2018-04-20
4/21/2018,,5.515125,66.668,3.666666667,,0.666666667,,-0.007375,98.11225,,,-3.271625,,104.320625,2018-04-21
4/22/2018,,5.6395,72.857875,4.166666667,,1.8333333330000001,,1.434625,82.712875,,,-2.58125,,99.99925,2018-04-22
4/23/2018,,7.770375,75.76575,5.916666667,,6.5,,4.196000000000001,61.674875,,,0.36825,,81.23275,2018-04-23
4/24/2018,,9.90125,74.622375,8.166666667000001,,10.58333333,,6.7055,55.262375,,,6.515,,47.293,2018-04-24
4/25/2018,,11.406125,71.383625,9.583333332999999,,11.08333333,,7.521375,61.216125,,,8.270125,,47.5425,2018-04-25
4/26/2018,,13.0965,66.60425,10.91666667,,13.75,,8.4615,55.453375,,,12.46775,,29.36175,2018-04-26
4/27/2018,,12.785,69.184875,10.75,,12.25,,8.022875,66.131625,,,11.213375,,43.603125,2018-04-27
4/28/2018,,7.961,46.469125,7.5,,3.916666667,,2.127375,103.857875,,,0.05525,,107.399125,2018-04-28
4/29/2018,,7.396875,55.645,6.0,,2.833333333,,2.06425,101.595875,,,-0.57225,,106.913125,2018-04-29
4/30/2018,,7.52225,54.283125,6.5,,3.5,,2.69175,100.4295,,,0.2435,,107.019125,2018-04-30
5/1/2018,,9.151625,58.15325,7.666666667,,4.75,,4.57325,92.87775,,,1.56075,,103.79675,2018-05-01
5/2/2018,,10.153125,70.758,8.166666667000001,,7.166666667,,6.015375,87.476625,,,4.7595,,91.184375,2018-05-02
5/3/2018,,12.220125,73.82925,10.33333333,,9.666666667000001,,7.6465,84.326125,,,7.329875,,86.583,2018-05-03
5/4/2018,,10.343,83.3305,9.583333332999999,,7.416666667,,5.703375,94.49075,,,3.25475,,105.825875,2018-05-04
5/5/2018,,11.78175,71.712625,10.33333333,,9.416666667000001,,7.019375,80.50025,,,7.267,,79.516125,2018-05-05
5/6/2018,,13.850625,84.595375,13.91666667,,12.83333333,,8.273875,78.655125,,,9.3985,,76.29425,2018-05-06
5/7/2018,,14.038125,80.303,12.5,,11.33333333,,7.771875,88.041125,,,8.70875,,93.14175,2018-05-07
5/8/2018,,14.97575,69.72525,13.58333333,,12.75,,8.64875,77.72425,,,9.774,,70.99325,2018-05-08
5/9/2018,,11.5335,45.8715,11.0,,8.166666667000001,,5.7035,97.85075,,,3.442875,,106.643125,2018-05-09
5/10/2018,,8.588,49.292875,7.666666667,,4.333333333,,3.382375,99.068875,,,0.369,,107.505375,2018-05-10
5/11/2018,,11.594875,59.093999999999994,10.58333333,,6.916666667,,5.952875,91.968875,,,4.132125,,96.64425,2018-05-11
5/12/2018,,14.2865,72.254375,12.41666667,,11.91666667,,9.462375,72.21600000000001,,,10.463,,62.715625,2018-05-12
5/13/2018,,16.2905,71.391375,15.08333333,,16.41666667,,10.27875,60.607125,,,13.407,,41.223125,2018-05-13
5/14/2018,,18.480625,62.682625,16.5,,17.58333333,,10.654875,64.359,,,15.4105,,45.84475,2018-05-14
5/15/2018,,17.793125,68.966125,16.5,,16.83333333,,9.3395,72.225125,,,15.0345,,51.293875,2018-05-15
5/16/2018,,14.03875,85.4005,13.41666667,,12.58333333,,7.709375,82.750125,,,11.591,,72.541125,2018-05-16
5/17/2018,,12.4105,85.042125,13.16666667,,9.833333332999999,,5.263999999999999,96.59299999999999,,,5.95125,,100.19925,2018-05-17
5/18/2018,,13.0995,85.289125,13.41666667,,10.58333333,,5.8285,95.819375,,,7.581,,90.093375,2018-05-18
5/19/2018,,12.222625,67.641375,12.5,,10.58333333,,6.3305,90.461375,,,6.7035,,90.98975,2018-05-19
5/20/2018,,10.90675,51.393875,10.83333333,,9.166666667000001,,6.6435,93.554375,,,5.449625,,103.733125,2018-05-20
5/21/2018,,13.098875,69.450625,12.66666667,,10.25,,6.392125,91.5925,,,6.82825,,91.765,2018-05-21
5/22/2018,,15.476125,73.089125,14.83333333,,14.66666667,,8.6485,72.4725,,,12.96825,,42.982875,2018-05-22
5/23/2018,,17.85575,71.240375,17.16666667,,17.25,,9.652375,75.903125,,,15.09725,,57.5065,2018-05-23
5/24/2018,,14.727625,84.455625,14.66666667,,13.83333333,,8.65,86.99475,,,8.521,,94.42375,2018-05-24
5/25/2018,,14.10125,75.095375,13.83333333,,11.66666667,,7.64675,92.761625,,,6.139375,,100.06075,2018-05-25
5/26/2018,,11.532875,79.225625,11.0,,8.5,,5.075875,87.715,,,3.0665,,94.940625,2018-05-26
5/27/2018,,13.78675,74.105875,12.83333333,,11.25,,7.27,86.46125,,,6.890625,,82.214375,2018-05-27
5/28/2018,,13.47475,75.336625,12.0,,10.33333333,,7.1455,88.87325,,,4.320875,,101.479125,2018-05-28
5/29/2018,,10.780999999999999,76.777375,9.25,,6.666666667,,4.887125,90.453625,,,1.812125,,99.871375,2018-05-29
5/30/2018,,10.404625,71.858875,9.0,,6.583333333,,3.758125,85.082875,,,1.81175,,90.11825,2018-05-30
5/31/2018,,9.527875,85.0175,8.166666667000001,,5.75,,3.005625,98.838875,,,2.376625,,98.26825,2018-05-31
6/1/2018,,9.841125,81.74425,9.333333332999999,,6.25,,4.07225,93.699625,,,0.4945,,105.37975,2018-06-01
6/2/2018,,13.7245,76.590625,13.33333333,,11.25,,8.648875,76.914125,,,4.884375,,92.959,2018-06-02
6/3/2018,,10.65625,63.029875,10.41666667,,9.333333332999999,,6.70675,93.581375,,,5.07325,,95.563125,2018-06-03
6/4/2018,,9.52775,54.275875,8.25,,4.75,,4.071875,97.8105,,,0.11800000000000001,,106.37100000000001,2018-06-04
6/5/2018,,9.840625,79.025375,8.416666667000001,,6.833333333,,5.201125,81.166125,,,1.37275,,96.3455,2018-06-05
6/6/2018,,13.035375,75.937625,12.83333333,,11.41666667,,9.463875,71.857625,,,5.7625,,85.108375,2018-06-06
6/7/2018,,12.22225,83.7635,11.66666667,,11.16666667,,9.465,83.85425,,,5.63775,,99.197,2018-06-07
6/8/2018,,10.4055,63.8525,10.16666667,,7.666666667,,5.577999999999999,101.303125,,,3.191875,,106.53775,2018-06-08
6/9/2018,,8.587875,37.562375,7.916666667,,5.5,,3.63325,102.600125,,,0.9965,,107.398875,2018-06-09
6/10/2018,,7.208625,42.0545,6.583333333,,3.583333333,,1.625125,103.098625,,,-0.886125,,106.319375,2018-06-10
6/11/2018,,8.336625,52.32275,7.083333333,,4.416666667,,3.0055,97.261125,,,-0.0075,,102.45325,2018-06-11
6/12/2018,,10.091000000000001,70.268875,9.083333332999999,,7.75,,6.26625,75.662625,,,4.57125,,69.390125,2018-06-12
6/13/2018,,9.779,37.598625,9.333333332999999,,7.083333333,,5.13875,92.5055,,,2.6275,,97.6625,2018-06-13
6/14/2018,,9.84125,36.703875,9.166666667000001,,6.333333333,,3.758875,102.925375,,,1.6865,,106.59100000000001,2018-06-14
6/15/2018,,10.843625,54.44175,10.58333333,,8.0,,5.326125,94.882125,,,3.88175,,102.1755,2018-06-15
6/16/2018,,15.414375,56.756625,15.0,,12.75,,9.46275,83.4385,,,7.956125,,86.05525,2018-06-16
6/17/2018,,18.230375,64.242375,16.83333333,,16.33333333,,11.155375,67.5515,,,13.783,,53.532875,2018-06-17
6/18/2018,,19.669375,62.12025,18.58333333,,19.5,,12.59625,57.7125,,,16.59975,,36.858625,2018-06-18
6/19/2018,,19.733125,68.74175,19.25,,19.66666667,,13.098625,66.15275,,,15.410625,,56.6865,2018-06-19
6/20/2018,,20.297,73.45075,19.83333333,,19.0,,12.66,77.088625,,,15.660875,,67.6225,2018-06-20
6/21/2018,,16.230625,85.9405,16.5,,15.58333333,,11.282125,86.17425,,,11.653625,,89.242875,2018-06-21
6/22/2018,,14.03925,70.37725,14.0,,11.66666667,,7.647625,102.0365,,,7.14225,,104.515,2018-06-22
6/23/2018,,13.976125,60.686875,13.33333333,,10.25,,6.1425,102.486125,,,6.327125,,105.283875,2018-06-23
6/24/2018,,16.3535,64.465625,16.33333333,,14.83333333,,11.905875,77.26325,,,11.277125,,75.3855,2018-06-24
6/25/2018,,11.5335,37.146125,10.75,,7.666666667,,5.8915,101.160125,,,2.94125,,104.458875,2018-06-25
6/26/2018,,11.720875,40.1435,10.33333333,,7.25,,5.327000000000001,99.13975,,,3.442875,,100.530375,2018-06-26
6/27/2018,,13.03575,69.19625,11.33333333,,9.083333332999999,,6.89375,90.18475,,,5.449375,,92.583875,2018-06-27
6/28/2018,,11.408125,79.277,10.41666667,,7.166666667,,4.511625,103.061875,,,2.439625,,106.536875,2018-06-28
6/29/2018,,11.78425,58.785375,10.83333333,,8.083333332999999,,5.577875,103.341125,,,4.25825,,106.59100000000001,2018-06-29
6/30/2018,,12.0345,9.05425,11.83333333,,9.25,,6.456,104.896875,,,5.261625,,106.5915,2018-06-30
7/1/2018,,12.786375,38.115625,11.91666667,,8.833333332999999,,6.142375,101.938125,,,4.133,,106.8615,2018-07-01
7/2/2018,,10.092,49.721375,9.25,,6.25,,4.448875,102.89725,,,1.310125,,107.559375,2018-07-02
7/3/2018,,13.2865,51.498625,12.16666667,,9.666666667000001,,6.831625,95.218125,,,5.888125,,98.201375,2018-07-03
7/4/2018,,15.853625,78.586,15.75,,14.58333333,,11.342625,73.346625,,,11.089875,,66.250375,2018-07-04
7/5/2018,,20.046,70.469875,19.41666667,,18.91666667,,14.536875,63.83575,,,15.410125,,54.50625,2018-07-05
7/6/2018,,18.29575,78.74875,17.66666667,,15.0,,12.84875,75.69675,,,9.962625,,85.580875,2018-07-06
7/7/2018,,14.415,52.116875,14.5,,11.25,,8.713125,96.13225,,,5.7005,,104.714625,2018-07-07
7/8/2018,,15.66525,55.71575,15.83333333,,13.58333333,,10.84125,77.226375,,,9.77325,,77.71600000000001,2018-07-08
7/9/2018,,16.3555,77.627375,16.0,,14.58333333,,12.284125,77.0355,,,11.402999999999999,,70.233125,2018-07-09
7/10/2018,,14.102,56.210875,13.75,,10.5,,7.58475,102.109,,,5.449625,,105.886125,2018-07-10
7/11/2018,,16.60425,68.203,16.16666667,,13.91666667,,12.218875,81.705125,,,11.84,,83.87175,2018-07-11
7/12/2018,,19.107375,70.7795,18.66666667,,18.0,,14.349125,70.284875,,,14.784125,,61.15825,2018-07-12
7/13/2018,,19.233,68.6555,18.75,,18.08333333,,14.663625,68.43875,,,14.3465,,65.090875,2018-07-13
7/14/2018,,20.29575,60.017625,19.16666667,,18.0,,14.474125,61.002375,,,13.907375,,58.5305,2018-07-14
7/15/2018,,20.796,57.949375,20.0,,20.91666667,,16.3525,54.820125,,,18.101625,,41.44725,2018-07-15
7/16/2018,,21.546625,57.389125,20.75,,20.91666667,,17.2915,53.053125,,,19.227375,,36.9495,2018-07-16
7/17/2018,,21.421999999999997,59.639375,20.33333333,,20.58333333,,16.29075,63.088,,,17.538375,,52.1905,2018-07-17
7/18/2018,,18.358375,78.853625,18.08333333,,16.58333333,,14.226125,78.606125,,,12.8435,,81.301375,2018-07-18
7/19/2018,,15.291625,85.35775,15.66666667,,13.08333333,,10.843875,90.50625,,,8.207875,,100.218375,2018-07-19
7/20/2018,,14.9155,76.81475,14.41666667,,11.0,,8.901,91.447125,,,6.076375,,101.578875,2018-07-20
7/21/2018,,14.788875,72.98125,13.83333333,,11.33333333,,9.714,79.73625,,,8.0815,,81.873875,2018-07-21
7/22/2018,,18.355375,70.034375,17.58333333,,17.08333333,,14.349,68.099375,,,13.90725,,64.58575,2018-07-22
7/23/2018,,20.734125,68.545,19.83333333,,19.83333333,,16.47825,64.1795,,,16.59975,,58.89275,2018-07-23
7/24/2018,,20.9845,66.715625,20.33333333,,19.41666667,,15.85183333,68.37383333,,,16.4115,,62.602375,2018-07-24
7/25/2018,,17.107,84.46025,19.625,,20.16666667,,,,,,17.225375,,58.863,2018-07-25
7/26/2018,,,,,,20.5,,,,,,17.663375,,52.6755,2018-07-26
7/27/2018,,,,,,20.75,,,,,,18.414375,,46.048375,2018-07-27
7/28/2018,,,,,,20.83333333,,,,,,18.977375,,50.702125,2018-07-28
7/29/2018,,,,,,23.58333333,,,,,,20.91625,,36.026375,2018-07-29
7/30/2018,,,,,,25.25,,,,,,22.417375,,34.630125,2018-07-30
7/31/2018,,,,,,21.75,,,,,,19.290125,,56.674875,2018-07-31
8/1/2018,,,,,,17.41666667,,,,,,13.97075,,73.46125,2018-08-01
8/2/2018,,,,,,12.91666667,,,,,,8.395625,,94.92575,2018-08-02
8/3/2018,,,,,,11.08333333,,,,,,6.828625,,105.014,2018-08-03
8/4/2018,,,,,,14.5,,,,,,11.08875,,89.101125,2018-08-04
8/5/2018,,,,,,17.33333333,,,,,,14.721625,,68.1595,2018-08-05
8/6/2018,,,,,,20.0,,,,,,16.912625,,60.1005,2018-08-06
8/7/2018,,,,,,20.0,,,,,,17.97575,,48.015875,2018-08-07
8/8/2018,,,,,,23.25,,,,,,20.7285,,45.387,2018-08-08
8/9/2018,,,,,,23.16666667,,,,,,20.728875,,48.8765,2018-08-09
8/10/2018,,,,,,22.33333333,,,,,,19.915625,,51.638375,2018-08-10
8/11/2018,,,,,,13.58333333,,,,,,9.08475,,98.27775,2018-08-11
8/12/2018,,,,,,11.75,,,,,,8.019625,,104.67399999999999,2018-08-12
8/13/2018,,,,,,15.41666667,,,,,,14.784625,,57.455625,2018-08-13
8/14/2018,,,,,,19.66666667,,,,,,17.788375,,42.67575,2018-08-14
8/15/2018,,,,,,19.91666667,,,,,,17.287875,,51.57875,2018-08-15
8/16/2018,,,,,,18.41666667,,,,,,16.0365,,67.395625,2018-08-16
8/17/2018,,,,,,15.33333333,,,,,,13.281625,,74.50925,2018-08-17
8/18/2018,,,,,,14.75,,,,,,15.409625,,53.26,2018-08-18
8/19/2018,,,,,,17.58333333,,,,,,17.78875,,43.8445,2018-08-19
8/20/2018,,,,,,19.83333333,,,,,,16.22425,,41.488875,2018-08-20
8/21/2018,,,,,,20.33333333,,,,,,17.601,,41.305375,2018-08-21
8/22/2018,,,,,,20.25,,,,,,17.413125,,46.612625,2018-08-22
8/23/2018,,,,,,14.83333333,,,,,,9.71175,,85.953125,2018-08-23
8/24/2018,,,,,,10.25,,,,,,5.512375,,103.020375,2018-08-24
8/25/2018,,,,,,9.166666667000001,,,,,,5.01075,,104.00475,2018-08-25
8/26/2018,,,,,,8.5,,,,,,4.44675,,106.15825,2018-08-26
8/27/2018,,,,,,10.25,,,,,,7.58025,,81.324625,2018-08-27
8/28/2018,,,,,,13.41666667,,,,,,11.27725,,67.335625,2018-08-28
8/29/2018,,,,,,12.25,,,,,,8.39575,,91.577875,2018-08-29
8/30/2018,,,,,,11.16666667,,,,,,6.13925,,102.649,2018-08-30
8/31/2018,,,,,,11.33333333,,,,,,6.327375,,102.04,2018-08-31
9/1/2018,,,,,,10.16666667,,,,,,5.19875,,104.025125,2018-09-01
9/2/2018,,,,,,10.66666667,,,,,,7.016625,,89.54075,2018-09-02
9/3/2018,,,,,,11.08333333,,,,,,6.640625,,96.811875,2018-09-03
9/4/2018,,,,,,12.5,,,,,,7.9442,,69.553,2018-09-04
9/5/2018,,,,,,,,,,,,,,,2018-09-05
9/6/2018,,,,,,,,,,,,,,,2018-09-06
9/7/2018,,,,,,,,,,,,,,,2018-09-07
9/8/2018,,,,,,,,,,,,,,,2018-09-08
9/9/2018,,,,,,,,,,,,,,,2018-09-09
9/10/2018,,,,,,,,,,,,,,,2018-09-10
9/11/2018,,,,,,,,,,,,,,,2018-09-11
9/12/2018,,,,,,,,,,,,,,,2018-09-12
9/13/2018,,,,,,,,,,,,,,,2018-09-13
9/14/2018,,,,,,,,,,,,,,,2018-09-14
9/15/2018,,,,,,,,,,,,,,,2018-09-15
9/16/2018,,,,,,,,,,,,,,,2018-09-16
9/17/2018,,,,,,,,,,,,,,,2018-09-17
9/18/2018,,,,,,,,,,,,,,,2018-09-18
9/19/2018,,,,,,,,,,,,,,,2018-09-19
9/20/2018,,,,,,,,,,,,,,,2018-09-20
9/21/2018,,,,,,,,,,,,,,,2018-09-21
9/22/2018,,,,,,,,,,,,,,,2018-09-22
9/23/2018,,,,,,,,,,,,,,,2018-09-23
9/24/2018,,,,,,,,,,,,,,,2018-09-24
9/25/2018,,,,,,,,,,,,,,,2018-09-25
9/26/2018,,,,,,,,,,,,,,,2018-09-26
9/27/2018,,,,,,,,,,,,,,,2018-09-27
9/28/2018,,,,,,,,,,,,,,,2018-09-28
9/29/2018,,,,,,,,,,,,,,,2018-09-29
9/30/2018,,,,,,,,,,,,,,,2018-09-30
